ID,RT,code,F1,Session
discrimination,0.6259794999987207,0,590,1
discrimination,0.4441275000008318,0,609,1
discrimination,0.4219613999994181,0,564,1
discrimination,0.5207439999994676,1,701,1
discrimination,0.454384000000573,1,675,1
discrimination,0.4471742000005179,0,584,1
discrimination,0.4647760000007111,0,555,1
discrimination,0.4569912000006298,1,635,1
discrimination,0.6256072999985918,1,605,1
discrimination,0.7558868999985862,0,527,1
discrimination,0.4402730999991036,0,516,1
discrimination,0.3781822999990254,1,685,1
discrimination,0.5417553999996017,0,657,1
discrimination,0.48303820000001,0,591,1
discrimination,0.3324071000006369,1,692,1
discrimination,0.5621566000008897,1,653,1
discrimination,0.6151592999995046,1,647,1
discrimination,0.4492169000004651,0,468,1
discrimination,0.3947329000002355,0,542,1
discrimination,0.6215718999992532,1,644,1
discrimination,0.5363387000015791,1,728,1
discrimination,0.5822774999996909,0,592,1
discrimination,0.457723999999871,0,455,1
discrimination,0.4265016000008473,0,462,1
discrimination,0.8364503000011609,0,533,1
discrimination,0.3741107000005286,1,686,1
discrimination,0.5786143000004813,0,603,1
discrimination,0.5026278000004822,0,577,1
discrimination,0.5173637999996572,1,660,1
discrimination,0.3637249000003066,0,534,1
discrimination,0.4886694000015268,1,673,1
discrimination,0.3916451999994024,0,501,1
discrimination,0.3871071000012307,0,514,1
discrimination,0.4552705000005517,0,578,1
discrimination,0.3438564000007318,1,656,1
discrimination,0.4370736000000761,1,713,1
discrimination,0.3987520999999105,0,535,1
discrimination,0.3939374999990832,1,699,1
discrimination,0.5329767000002903,1,680,1
discrimination,0.4510184000009758,0,557,1
discrimination,0.349066099999618,1,694,1
discrimination,0.425842399999965,0,472,1
discrimination,0.5394922000014049,0,446,1
discrimination,0.4408788000000641,0,434,1
discrimination,0.3707043000013073,1,658,1
discrimination,0.4786420000000362,0,489,1
discrimination,0.4386334999999235,0,507,1
discrimination,0.4326627999998891,0,499,1
discrimination,0.4098598000000493,1,664,1
discrimination,0.5401309999997466,0,595,1
discrimination,0.6658292000010988,1,729,1
discrimination,0.4106668000003992,0,576,1
discrimination,0.4133830000009766,0,483,1
discrimination,1.1436383999989628,0,600,1
discrimination,0.5019193000007363,0,593,1
discrimination,0.4285780000009254,0,441,1
discrimination,0.5426203999995778,1,629,1
discrimination,0.4120844999997644,1,726,1
discrimination,0.3106253999994806,0,470,1
discrimination,0.4528817999998864,1,662,1
discrimination,0.3497255000002042,1,711,1
discrimination,0.3315489999986312,1,704,1
discrimination,0.3448905000004743,1,682,1
discrimination,0.3509931999997207,1,674,1
discrimination,0.5644616000008682,0,485,1
discrimination,0.5690895999996428,1,672,1
discrimination,0.9248974000001908,1,630,1
discrimination,0.6356811999994534,0,471,1
discrimination,0.5410126000006129,1,628,1
discrimination,0.4427657999985968,0,559,1
discrimination,0.3719581999994261,1,618,1
discrimination,0.4157494000010047,1,586,1
discrimination,0.4020215000000462,1,575,1
discrimination,0.5656225999991875,1,698,1
discrimination,0.5944737999998324,0,616,1
discrimination,0.5340471999988949,0,436,1
discrimination,0.4277247999998508,0,437,1
discrimination,0.5016022999989218,1,625,1
discrimination,0.6768833000005543,0,541,1
discrimination,0.4216431000004377,1,705,1
discrimination,0.4636790999993536,0,547,1
discrimination,0.3683479000010266,1,668,1
discrimination,0.4846400000005815,1,619,1
discrimination,0.3647043999990274,1,693,1
discrimination,0.3934237000012217,0,569,1
discrimination,0.6045458999997209,0,498,1
discrimination,0.3759181000004901,0,544,1
discrimination,0.3633515000001353,0,502,1
discrimination,0.432516900000337,0,548,1
discrimination,0.2898896999995486,1,695,1
discrimination,0.3452115000000049,1,683,1
discrimination,0.4710760999987542,0,551,1
discrimination,0.3102978999995685,1,710,1
discrimination,0.5567510000000766,1,649,1
discrimination,0.4096388999987539,0,543,1
discrimination,0.4130413999992015,0,563,1
discrimination,0.3924860999995872,0,530,1
discrimination,0.3790011999990384,1,597,1
discrimination,0.3440014999996492,0,467,1
discrimination,0.3814469999997527,1,676,1
discrimination,0.3690029000008508,1,678,1
discrimination,0.3091182999996817,0,503,1
discrimination,0.5956473999995069,0,566,1
discrimination,0.4153594999988854,1,632,1
discrimination,0.3694648999990022,0,540,1
discrimination,0.4226111999996647,0,517,1
discrimination,0.3595354999997653,0,432,1
discrimination,0.3720524000000296,1,687,1
discrimination,0.488628900000549,0,636,1
discrimination,0.3838854000005085,0,465,1
discrimination,0.6278694000011456,1,602,1
discrimination,0.3255219000002398,1,624,1
discrimination,0.5242204000005586,0,556,1
discrimination,0.5385662999997294,1,611,1
discrimination,0.5915909000013926,1,588,1
discrimination,0.4592163999986951,1,709,1
discrimination,0.3725321000001713,1,651,1
discrimination,0.3286438999984966,0,469,1
discrimination,0.3184058000006189,1,612,1
discrimination,0.8450664000010875,1,477,1
discrimination,0.4625077000000602,1,696,1
discrimination,0.4467717000006815,0,491,1
discrimination,0.3446139999996376,1,716,1
discrimination,0.5981271999989985,1,439,1
discrimination,0.6655045999996219,0,464,1
discrimination,0.8015245999995386,1,537,1
discrimination,1.188566400000127,1,582,1
discrimination,0.4007318000003579,0,526,1
discrimination,0.4921991999999591,0,567,1
discrimination,0.6288379999987228,0,457,1
discrimination,1.1742644000005384,0,579,1
discrimination,0.5066881000002468,1,661,1
discrimination,0.4339550999993662,0,493,1
discrimination,0.2674747000000934,1,679,1
discrimination,0.5964292000007845,0,509,1
discrimination,0.4236020000007557,0,504,1
discrimination,0.3536640999991505,1,727,1
discrimination,0.3344646999994438,1,697,1
discrimination,0.3879324999998061,0,452,1
discrimination,0.3839208999997936,0,496,1
discrimination,0.380189600000449,0,430,1
discrimination,0.3042045000001963,1,719,1
discrimination,0.3506900000011228,0,486,1
discrimination,0.3082453999995778,1,715,1
discrimination,0.3334107000009681,1,724,1
discrimination,0.3457811000007496,0,560,1
discrimination,0.3516130999996676,0,561,1
discrimination,0.292421899999681,1,730,1
discrimination,0.3793962999989162,0,522,1
discrimination,0.3838563000008435,0,508,1
discrimination,0.3875212000002648,0,476,1
discrimination,0.3352837000002182,0,450,1
discrimination,0.4770935000015015,1,650,1
discrimination,0.4531176999989839,0,539,1
discrimination,0.6143422999994073,1,633,1
discrimination,0.3931447000013577,0,466,1
discrimination,0.4283663000005617,0,513,1
discrimination,0.438515699999698,0,581,1
discrimination,0.3596558999997796,1,645,1
discrimination,0.3961826999984624,1,708,1
discrimination,0.3444923000006383,0,528,1
discrimination,0.4217645999997329,1,652,1
discrimination,0.6395912999996654,0,627,1
discrimination,0.5051539999985835,0,523,1
discrimination,0.3195951000016066,1,702,1
discrimination,0.3569615000014892,0,515,1
discrimination,0.3784052000009978,0,459,1
discrimination,0.5102683999994042,1,622,1
discrimination,0.388944199999969,0,458,1
discrimination,0.6321585000005143,1,640,1
discrimination,0.6023810000006051,1,626,1
discrimination,0.5092203000003792,0,435,1
discrimination,0.4524792000011075,0,474,1
discrimination,0.3090718999992532,1,670,1
discrimination,0.4115942000007635,1,707,1
discrimination,0.3341163000004599,0,447,1
discrimination,0.3802744000004168,0,571,1
discrimination,0.512411499999871,0,606,1
discrimination,0.4631905000005645,0,449,1
discrimination,0.4233005000005505,0,453,1
discrimination,0.3704404000000068,1,580,1
discrimination,0.5030348000000231,1,621,1
discrimination,0.3337696999988111,0,478,1
discrimination,0.2915444999998726,0,433,1
discrimination,0.3709189999990485,1,700,1
discrimination,0.3747671000000992,1,671,1
discrimination,0.3386092000000644,0,524,1
discrimination,0.4005275999988953,1,677,1
discrimination,0.2993697000001703,0,531,1
discrimination,0.5636138999998366,0,620,1
discrimination,0.4722743000002083,0,488,1
discrimination,0.3445911999988311,0,460,1
discrimination,0.3573897000005672,0,521,1
discrimination,0.330156199999692,1,601,1
discrimination,0.4799777999996877,1,610,1
discrimination,0.5042997000000469,0,454,1
discrimination,0.5671407999998337,1,669,1
discrimination,0.6993478999993386,0,440,1
discrimination,0.379733199999464,0,473,1
discrimination,0.5267474000011134,0,444,1
discrimination,0.5090432000015426,1,721,1
discrimination,0.4116887000000133,1,641,1
discrimination,0.5900705000003654,1,613,1
discrimination,0.3775022000008903,0,438,1
discrimination,0.3496934000013425,0,480,1
discrimination,0.3154328000000532,0,505,1
discrimination,0.369318299999577,0,525,1
discrimination,0.405502699999488,0,512,1
discrimination,0.3840837999996438,0,443,1
discrimination,0.4768733999990218,1,598,1
discrimination,0.324646400000347,1,643,1
discrimination,0.3390333000006649,0,445,1
discrimination,0.3196836999995867,0,545,1
discrimination,0.3828773000004729,1,666,1
discrimination,0.3154660999989573,0,490,1
discrimination,0.4661197000004904,1,570,1
discrimination,0.4027919000000111,1,720,1
discrimination,0.4466591000000335,1,717,1
discrimination,0.4630039000003308,0,585,1
discrimination,0.4392982999997912,1,634,1
discrimination,0.3929941999995208,1,722,1
discrimination,0.3488308000014513,1,684,1
discrimination,0.3297536999998556,0,475,1
discrimination,0.4243145999989793,0,623,1
discrimination,0.3703610000011395,0,532,1
discrimination,0.3100107999998727,1,689,1
discrimination,0.4618007999997644,1,608,1
discrimination,0.4295962000014697,1,665,1
discrimination,0.3919994999996561,0,554,1
discrimination,0.5474918999989313,1,663,1
discrimination,0.3929755999997724,0,562,1
discrimination,0.3640472999995836,1,648,1
discrimination,0.4654026999996858,1,642,1
discrimination,0.3378319999992527,0,511,1
discrimination,0.3667315999991842,1,706,1
discrimination,0.3392488999998022,0,589,1
discrimination,0.353024899999582,0,607,1
discrimination,0.325618900000336,1,690,1
discrimination,0.3398230000002513,0,518,1
discrimination,0.3766090000008262,0,461,1
discrimination,0.3168205000001762,1,638,1
discrimination,0.2835693999986688,0,442,1
discrimination,0.4435961999988649,0,568,1
discrimination,0.4533189000012498,1,614,1
discrimination,0.3493892000005871,0,574,1
discrimination,0.3787604999997711,0,484,1
discrimination,0.454943299999286,0,536,1
discrimination,0.367405000000872,1,583,1
discrimination,0.3489197999988391,0,495,1
discrimination,0.4654365000005782,1,596,1
discrimination,0.338496500000474,0,463,1
discrimination,0.4074553000009473,1,615,1
discrimination,0.3144946000011259,0,494,1
discrimination,0.2730874000008043,0,482,1
discrimination,0.3617850999999064,0,519,1
discrimination,0.5987334999990708,1,565,1
discrimination,0.4897072000003391,1,659,1
discrimination,0.4809036000006017,0,552,1
discrimination,0.3048475999985385,1,723,1
discrimination,0.3838515000006737,0,594,1
discrimination,0.3875149000014062,0,500,1
discrimination,0.454788600000029,0,572,1
discrimination,0.4805983999995078,0,546,1
discrimination,0.4321040999984689,0,492,1
discrimination,0.3134137999986706,1,617,1
discrimination,0.2964592000007542,0,529,1
discrimination,,None,520,1
discrimination,0.5761132999996335,0,506,1
discrimination,0.3488215000015771,1,688,1
discrimination,0.5465057000001252,1,637,1
discrimination,0.4396262000009301,1,631,1
discrimination,0.4160269000003609,0,558,1
discrimination,0.4110084999992978,0,587,1
discrimination,0.3893812000005709,0,456,1
discrimination,0.4005539999998291,0,448,1
discrimination,0.3799385000002076,1,604,1
discrimination,0.3122045000000071,0,451,1
discrimination,0.3585837999999057,1,703,1
discrimination,0.4593107999990025,1,646,1
discrimination,0.3648642999996809,0,549,1
discrimination,0.4245947000017623,0,573,1
discrimination,0.3387559000002511,0,550,1
discrimination,0.2965182000007189,1,667,1
discrimination,0.3273023000001558,0,481,1
discrimination,0.317092400000547,1,655,1
discrimination,0.3721777999999176,1,691,1
discrimination,0.2725114000004396,0,431,1
discrimination,0.3200747999999294,1,712,1
discrimination,0.3022516000000905,1,681,1
discrimination,0.3247468999998091,0,510,1
discrimination,0.3152986999994027,1,654,1
discrimination,0.3378611000007368,0,487,1
discrimination,0.3663280000000668,0,553,1
discrimination,0.3800444000007701,0,538,1
discrimination,0.3047799000014493,1,725,1
discrimination,0.38336850000087,1,714,1
discrimination,0.299340999999913,0,497,1
discrimination,0.3547696000005089,1,639,1
discrimination,0.3992221999997128,0,599,1
discrimination,0.3706916999999521,0,479,1
discrimination,0.4259925999995176,0,596,2
discrimination,0.316682499998933,0,514,2
discrimination,0.2912973999991664,0,604,2
discrimination,0.3621080999982951,0,601,2
discrimination,0.3346423999992112,0,517,2
discrimination,0.3011282999996183,0,481,2
discrimination,0.3962567000016861,1,690,2
discrimination,0.3753845999999612,0,507,2
discrimination,0.3797586000000592,1,665,2
discrimination,0.4232580999996571,1,714,2
discrimination,0.3940860999991856,0,541,2
discrimination,0.613088299998708,1,594,2
discrimination,0.3193754999992961,0,564,2
discrimination,0.4615988999994442,1,643,2
discrimination,0.33427280000069,0,442,2
discrimination,0.6441979999999603,0,590,2
discrimination,0.4052843999998004,0,603,2
discrimination,0.3358475000004546,0,569,2
discrimination,0.4697338999994827,0,450,2
discrimination,0.3175312000003032,0,465,2
discrimination,0.3485436999999365,0,433,2
discrimination,0.3293909000003623,1,662,2
discrimination,0.2872961000011855,0,438,2
discrimination,0.3907648000003973,0,482,2
discrimination,0.4102832000007765,0,536,2
discrimination,0.2843588000014279,1,718,2
discrimination,0.3565421999992395,1,687,2
discrimination,0.3935845999985759,0,459,2
discrimination,0.3329276000004029,0,441,2
discrimination,0.3391695999998774,0,553,2
discrimination,0.4491353999983403,1,617,2
discrimination,0.4752243000002636,0,480,2
discrimination,0.6266358999982913,1,621,2
discrimination,0.4844458999996277,1,698,2
discrimination,0.293003900000258,0,492,2
discrimination,0.428622199999154,0,602,2
discrimination,0.4226046000003407,1,639,2
discrimination,0.3292806000008568,1,638,2
discrimination,0.3756995000003371,1,684,2
discrimination,0.3712782000002335,0,472,2
discrimination,0.3832810999992944,1,666,2
discrimination,0.3956565000007686,1,663,2
discrimination,0.3583901000001788,1,707,2
discrimination,0.3472308999989764,0,585,2
discrimination,0.3842300000014802,1,624,2
discrimination,0.3091279999989638,0,446,2
discrimination,0.4918978999994579,0,556,2
discrimination,0.4272253999988607,0,542,2
discrimination,0.4524801000006846,1,591,2
discrimination,0.3491776999999274,0,468,2
discrimination,0.3388279999999213,0,508,2
discrimination,0.3757444000002579,0,496,2
discrimination,0.3237697000004118,0,519,2
discrimination,0.3460558000006131,0,534,2
discrimination,0.2953031999986706,1,587,2
discrimination,0.4150568000004569,1,592,2
discrimination,0.4507057999999233,1,710,2
discrimination,0.3156410999999934,0,431,2
discrimination,0.3159628000012162,1,695,2
discrimination,0.3296245000001363,0,457,2
discrimination,0.3753615999994509,1,607,2
discrimination,0.355062499998894,1,623,2
discrimination,0.3526001999998698,1,614,2
discrimination,0.3486498999991454,0,477,2
discrimination,0.3139874999997119,1,675,2
discrimination,0.3765597000001435,1,628,2
discrimination,0.3167078999995283,0,525,2
discrimination,0.5156773999988218,0,597,2
discrimination,0.4097765000005893,0,535,2
discrimination,0.3653837000001658,0,491,2
discrimination,0.2734147000010125,1,637,2
discrimination,0.3535675999992236,1,582,2
discrimination,0.333858500000133,1,654,2
discrimination,0.3638671000007889,1,633,2
discrimination,0.3367581999991671,0,458,2
discrimination,0.3662287999995897,0,471,2
discrimination,0.3554798000004666,0,479,2
discrimination,0.3201389000005292,1,619,2
discrimination,0.3424219000007724,1,636,2
discrimination,0.3402034999999159,0,462,2
discrimination,0.3461846000009245,1,618,2
discrimination,0.3191731000006257,0,530,2
discrimination,0.5098866000007547,1,626,2
discrimination,0.3806987999996636,0,540,2
discrimination,0.2564287999994121,0,474,2
discrimination,0.5452478000006522,0,559,2
discrimination,0.3584462999988318,0,493,2
discrimination,0.3952245999989827,1,646,2
discrimination,0.5424222000001464,1,612,2
discrimination,0.4599341999983153,0,567,2
discrimination,0.3324501999995846,1,685,2
discrimination,0.4112122999995336,0,488,2
discrimination,0.6298375000005763,1,583,2
discrimination,0.2878031000000192,0,452,2
discrimination,0.407137899999725,0,484,2
discrimination,0.457608299999265,1,678,2
discrimination,0.666582699999708,0,566,2
discrimination,0.4510162999995373,1,573,2
discrimination,0.3563013999992108,1,712,2
discrimination,0.3621578000002046,1,672,2
discrimination,0.3340395000013814,1,704,2
discrimination,0.3395083000013983,1,667,2
discrimination,0.4731900000006135,0,635,2
discrimination,0.4890008999991551,0,516,2
discrimination,0.2966919000009511,1,650,2
discrimination,0.3357352999992145,1,622,2
discrimination,0.4620778000007704,0,506,2
discrimination,0.3344027999992249,1,649,2
discrimination,0.4366399999998976,0,522,2
discrimination,0.2780450000009296,1,720,2
discrimination,0.4381159999993542,1,660,2
discrimination,0.2630537999993976,0,470,2
discrimination,0.3919016999989253,0,543,2
discrimination,0.2677741000006789,1,653,2
discrimination,0.3403464000002714,0,461,2
discrimination,0.2898765999998432,1,606,2
discrimination,0.3934918000013568,1,572,2
discrimination,0.2925343000006251,0,453,2
discrimination,0.3721270999994885,0,551,2
discrimination,0.3518050999991829,1,571,2
discrimination,0.3408580000013899,0,531,2
discrimination,0.3386344999998982,0,490,2
discrimination,0.3757303999991564,1,691,2
discrimination,0.2919158999993669,0,562,2
discrimination,0.4194048000008479,1,659,2
discrimination,0.3173329999990528,0,498,2
discrimination,0.4278150000009191,0,443,2
discrimination,0.3737622999997257,0,454,2
discrimination,0.2827176000009785,1,625,2
discrimination,0.4423815999998624,0,473,2
discrimination,0.3958808000006684,1,615,2
discrimination,0.5111913999990065,0,554,2
discrimination,0.3737423999991733,1,721,2
discrimination,0.2896349000002374,0,630,2
discrimination,0.43350239999927,0,515,2
discrimination,0.4835167999990517,1,610,2
discrimination,0.2674155000004248,0,576,2
discrimination,0.3159644000006665,0,430,2
discrimination,0.3464444999990519,0,495,2
discrimination,0.3599143999999796,1,706,2
discrimination,0.3962694000001648,0,627,2
discrimination,0.6162044000011521,1,688,2
discrimination,0.4516154000011738,1,726,2
discrimination,0.3077974999996513,0,466,2
discrimination,0.3384457000011025,1,679,2
discrimination,0.3527898000011191,1,696,2
discrimination,0.3327345000016066,0,589,2
discrimination,0.3798303000003216,1,686,2
discrimination,0.4157068000004074,1,644,2
discrimination,0.4342876999999135,1,677,2
discrimination,0.3648811000002752,0,655,2
discrimination,0.4329825000004348,0,526,2
discrimination,0.3954196999984561,0,494,2
discrimination,0.3103265999998257,0,501,2
discrimination,0.3329379000006156,0,565,2
discrimination,0.3552882000003592,0,545,2
discrimination,0.3359364999996614,1,709,2
discrimination,0.3331304000003001,1,699,2
discrimination,0.3313735000010638,0,485,2
discrimination,0.409226600000693,1,605,2
discrimination,0.4514749999998458,0,579,2
discrimination,0.4292189999996481,0,444,2
discrimination,0.3912284999987605,1,700,2
discrimination,0.3542021000012028,1,716,2
discrimination,0.4872658999993291,0,550,2
discrimination,0.4060981999991782,0,489,2
discrimination,0.5933396000000357,1,552,2
discrimination,0.4923037000007753,0,539,2
discrimination,0.3636731999995391,1,722,2
discrimination,0.5685106000000815,0,632,2
discrimination,0.4445025999993959,0,499,2
discrimination,0.5176610999988043,0,440,2
discrimination,0.3724067000002833,1,703,2
discrimination,0.5365447999993194,0,645,2
discrimination,0.3742069999989326,0,439,2
discrimination,0.4738392999988719,1,599,2
discrimination,0.4577847000000474,0,503,2
discrimination,0.4104812999994465,0,486,2
discrimination,0.3735792000006768,1,728,2
discrimination,0.4497367000003578,0,502,2
discrimination,0.3468349000013404,0,528,2
discrimination,0.4493426000008185,0,467,2
discrimination,0.5938795000001846,1,651,2
discrimination,0.5172172000002321,0,463,2
discrimination,0.595926199999667,1,593,2
discrimination,0.5269650999998703,1,664,2
discrimination,0.4132865999999922,0,505,2
discrimination,0.6878348000009282,1,581,2
discrimination,0.5032836999998835,1,671,2
discrimination,0.3575375000000349,0,500,2
discrimination,0.3703937999998743,0,447,2
discrimination,0.5663158999996085,0,518,2
discrimination,0.3869823000004544,1,652,2
discrimination,0.5104849999988801,1,693,2
discrimination,0.4056897999998909,0,512,2
discrimination,0.2891038000016124,0,436,2
discrimination,0.3765244999995048,1,656,2
discrimination,0.389380099999471,0,434,2
discrimination,0.5045784000012645,1,586,2
discrimination,0.4076306999995721,0,456,2
discrimination,0.3386130999988381,1,725,2
discrimination,0.3437146999985998,1,708,2
discrimination,0.3813585999996576,0,476,2
discrimination,0.4248193000003084,1,641,2
discrimination,0.4675065999999788,0,549,2
discrimination,0.4278379000006679,1,608,2
discrimination,0.333846799998355,0,455,2
discrimination,0.371913199998744,1,682,2
discrimination,0.5121011999999611,1,697,2
discrimination,0.4624483999996301,0,538,2
discrimination,0.4228098000003229,1,661,2
discrimination,0.3613614999994752,0,557,2
discrimination,0.3824288999985584,0,432,2
discrimination,0.2976699999999255,1,727,2
discrimination,0.4169835000011517,0,600,2
discrimination,0.3877526000014768,1,719,2
discrimination,0.3509387000012793,0,487,2
discrimination,0.4848168999997142,1,620,2
discrimination,0.4765092999987246,1,658,2
discrimination,0.3882388999991235,1,673,2
discrimination,0.4556470000006812,0,560,2
discrimination,0.312993199999255,0,533,2
discrimination,0.3911287999999331,1,730,2
discrimination,0.3466561000004731,1,702,2
discrimination,0.4004437000003236,0,520,2
discrimination,0.3800052999995387,0,448,2
discrimination,0.3597116000000824,1,724,2
discrimination,0.3491005999985646,0,464,2
discrimination,0.641458900001453,0,532,2
discrimination,0.5710791000001336,1,717,2
discrimination,0.4390636000007362,1,705,2
discrimination,0.4803585000008752,0,640,2
discrimination,0.4241762000001472,0,510,2
discrimination,0.3625118999989354,1,670,2
discrimination,0.4475153999992472,0,497,2
discrimination,0.4407538000014029,1,631,2
discrimination,0.4184220000006462,1,668,2
discrimination,0.6044581999994989,1,642,2
discrimination,0.4156480000001465,0,577,2
discrimination,0.3865804000015487,0,598,2
discrimination,0.4297889999998006,0,445,2
discrimination,0.3675483000006352,1,680,2
discrimination,0.3802051000002393,0,546,2
discrimination,0.3764838999995845,0,595,2
discrimination,0.3803769000005559,0,483,2
discrimination,0.4162570000007689,0,521,2
discrimination,0.3875200999991648,0,523,2
discrimination,0.4470834999992803,0,544,2
discrimination,0.3372001999996428,0,548,2
discrimination,0.478600299999016,1,613,2
discrimination,0.5508363000008103,1,713,2
discrimination,0.403968900000109,0,584,2
discrimination,0.4076131000001624,0,504,2
discrimination,0.3783855000001495,0,478,2
discrimination,0.5988489000010304,0,609,2
discrimination,0.5387031999998726,1,723,2
discrimination,0.3917392000003019,0,578,2
discrimination,0.4192711000014242,0,469,2
discrimination,0.3573009000010643,0,524,2
discrimination,0.4257966000004672,0,558,2
discrimination,0.3730759000009129,1,689,2
discrimination,0.3036659000008512,0,547,2
discrimination,0.3270215000011376,0,570,2
discrimination,0.3888857000001735,0,529,2
discrimination,0.3524770000003627,1,616,2
discrimination,0.4460809000011068,0,568,2
discrimination,0.3822159000010288,0,511,2
discrimination,0.3542001999994681,1,669,2
discrimination,0.3907001000006858,0,561,2
discrimination,0.4101323999984743,0,449,2
discrimination,0.3177132000000711,1,647,2
discrimination,0.5004279999993742,0,563,2
discrimination,0.5235604999998031,1,611,2
discrimination,0.3780172000006132,0,509,2
discrimination,0.3896253000002616,1,711,2
discrimination,0.5690539000006538,0,634,2
discrimination,0.3171480000000884,0,435,2
discrimination,0.291405300000406,0,451,2
discrimination,0.3313017000000399,1,648,2
discrimination,0.4486252000006061,1,692,2
discrimination,0.3867174000006344,1,674,2
discrimination,0.5104959000000235,0,629,2
discrimination,0.4210290000009991,0,537,2
discrimination,0.3189586999997118,0,580,2
discrimination,0.5327168999992864,0,437,2
discrimination,0.3961937999993097,1,681,2
discrimination,0.3662162000000535,0,588,2
discrimination,0.3228395999994973,0,475,2
discrimination,0.3207447999993746,1,694,2
discrimination,0.3196669999997539,0,555,2
discrimination,0.3573541999994632,0,574,2
discrimination,0.3546519000010448,0,460,2
discrimination,0.4067499000011594,0,575,2
discrimination,0.3936628000010387,1,676,2
discrimination,0.5091475999997783,1,729,2
discrimination,0.3399942000014562,1,683,2
discrimination,0.3850046999996266,0,513,2
discrimination,0.3810400000002119,0,527,2
discrimination,0.3536442000004172,1,657,2
discrimination,0.4059797999998409,1,701,2
discrimination,0.5673853000007512,0,529,3
discrimination,0.3883987999997771,1,690,3
discrimination,0.2954523000007612,0,477,3
discrimination,0.3588657999989664,1,618,3
discrimination,0.3394848999996611,0,540,3
discrimination,0.4488638000002538,1,723,3
discrimination,0.3299606000000494,0,531,3
discrimination,0.4162005999987741,0,600,3
discrimination,0.6589546000013797,1,652,3
discrimination,0.427812099998846,0,552,3
discrimination,0.437531299998227,1,650,3
discrimination,0.3345392999999603,0,432,3
discrimination,0.3728365000006306,1,720,3
discrimination,0.3289518999990832,0,591,3
discrimination,0.2709780999994109,0,451,3
discrimination,0.343545499999891,0,459,3
discrimination,0.3810107000008429,1,679,3
discrimination,0.3846776000009413,1,653,3
discrimination,0.4450246999986121,1,632,3
discrimination,0.2941952000001038,0,620,3
discrimination,0.4135059000000183,1,613,3
discrimination,0.3921829999999318,0,467,3
discrimination,0.3954501000007439,0,492,3
discrimination,0.3184520000013435,0,527,3
discrimination,0.397471599999335,1,678,3
discrimination,0.392804499999329,0,543,3
discrimination,0.4838289999988774,0,494,3
discrimination,0.8357633000014175,0,569,3
discrimination,0.4698778000001767,0,514,3
discrimination,0.4631315999995422,0,482,3
discrimination,0.3753011999997397,1,727,3
discrimination,0.3796891000001778,1,646,3
discrimination,0.3437056000002485,0,444,3
discrimination,0.5089095000002999,0,526,3
discrimination,0.4274798999995255,0,541,3
discrimination,0.3334734000000026,1,730,3
discrimination,0.4993193999998766,0,598,3
discrimination,0.5154065999995511,0,533,3
discrimination,0.3775232999996661,1,603,3
discrimination,0.3412093999995704,0,507,3
discrimination,0.3547624000002543,0,473,3
discrimination,0.3515953000005538,0,544,3
discrimination,0.3169375999987096,1,704,3
discrimination,0.3239078000005975,0,439,3
discrimination,0.3538554999995539,1,698,3
discrimination,0.3341338000009273,0,546,3
discrimination,0.3238994000003004,0,524,3
discrimination,0.4821537999996508,1,606,3
discrimination,0.3861572000005253,0,480,3
discrimination,0.3894381999998586,1,663,3
discrimination,0.3848327000014251,1,608,3
discrimination,0.5244504999991477,1,674,3
discrimination,0.3476649999993242,0,521,3
discrimination,0.4802139999992505,1,685,3
discrimination,0.416060199999265,0,582,3
discrimination,0.4186307999989367,0,604,3
discrimination,0.4292174000001978,1,656,3
discrimination,0.3195130999993125,0,466,3
discrimination,0.4296670999992784,1,710,3
discrimination,0.3036647999997513,0,461,3
discrimination,0.3341112000016437,0,577,3
discrimination,0.3881893999987369,0,622,3
discrimination,0.3032177999994019,1,705,3
discrimination,0.302662699999928,0,454,3
discrimination,0.2943635999999969,0,442,3
discrimination,0.3423099000010552,1,590,3
discrimination,0.5079408000001422,1,687,3
discrimination,0.3072611000006873,0,431,3
discrimination,0.4667798999998922,0,597,3
discrimination,0.5082966999998462,0,610,3
discrimination,0.5543011000008846,0,596,3
discrimination,0.5027837999987241,0,502,3
discrimination,0.3733489999995072,0,520,3
discrimination,0.3856274000008853,0,445,3
discrimination,0.3725842999992892,1,672,3
discrimination,0.3526400999999169,0,631,3
discrimination,0.4297339000004285,0,456,3
discrimination,0.5991121999995812,1,711,3
discrimination,0.3321154000004753,1,676,3
discrimination,0.5533649000008154,0,564,3
discrimination,0.3898114000003261,0,505,3
discrimination,0.4572467999987566,0,485,3
discrimination,0.2908053999999538,1,659,3
discrimination,0.3776030999997601,1,605,3
discrimination,0.3251681000001554,0,449,3
discrimination,0.30790960000013,0,509,3
discrimination,0.4594849000004615,1,612,3
discrimination,0.6526763000001665,1,716,3
discrimination,0.5256922000007762,0,589,3
discrimination,0.4513221999986854,1,724,3
discrimination,0.3245208999996976,0,525,3
discrimination,0.9543800999999804,1,639,3
discrimination,0.5681012000004557,0,615,3
discrimination,0.6774655999997776,1,649,3
discrimination,0.4296816000005492,0,568,3
discrimination,0.5191833999997469,1,640,3
discrimination,0.5169273000010435,1,669,3
discrimination,0.4122765000010986,0,547,3
discrimination,0.4226421999992453,1,722,3
discrimination,0.329012000000148,0,450,3
discrimination,0.3426806999996188,0,487,3
discrimination,0.5563663000011729,1,688,3
discrimination,0.5369372999994084,0,616,3
discrimination,0.4219516000011936,0,484,3
discrimination,0.4239911999993637,1,675,3
discrimination,0.4178902999992715,0,576,3
discrimination,0.3968112000002293,1,668,3
discrimination,0.4080584000002999,1,673,3
discrimination,0.3866659000013897,0,581,3
discrimination,0.3342217999997956,0,599,3
discrimination,0.3320856999998796,0,471,3
discrimination,0.3143104999999196,0,486,3
discrimination,0.4729492999995273,1,588,3
discrimination,0.3768426000006002,0,476,3
discrimination,0.3487832999999227,1,726,3
discrimination,0.3300310000013269,1,667,3
discrimination,,None,621,3
discrimination,0.4565318000004481,0,551,3
discrimination,0.3213660000001255,0,479,3
discrimination,0.3844601000000693,0,515,3
discrimination,0.3327386999990267,1,702,3
discrimination,0.4103338000004441,0,443,3
discrimination,0.3245260000003327,0,436,3
discrimination,0.3786786000000575,1,506,3
discrimination,0.5592567000003328,0,488,3
discrimination,0.3954673000007461,0,434,3
discrimination,0.3108085999992909,0,465,3
discrimination,0.525571599999239,0,553,3
discrimination,0.4911589000003005,1,630,3
discrimination,0.442731899998762,1,692,3
discrimination,0.372007100000701,0,504,3
discrimination,0.4004912000000331,0,500,3
discrimination,0.3799834999990708,1,555,3
discrimination,0.4877484999997249,1,728,3
discrimination,0.3360492000010709,0,453,3
discrimination,0.4623173999989376,0,560,3
discrimination,0.4871555999998236,1,719,3
discrimination,0.3587618000001385,0,463,3
discrimination,0.5231205000000045,0,570,3
discrimination,0.4333652000004804,0,557,3
discrimination,0.3553960000008374,1,700,3
discrimination,0.4238714000002801,1,623,3
discrimination,0.4100350000007893,1,624,3
discrimination,0.4924394000008761,1,651,3
discrimination,0.6918087999983982,1,607,3
discrimination,0.5470306000006531,0,549,3
discrimination,0.4966504000003624,1,657,3
discrimination,0.7997794000002614,0,628,3
discrimination,0.4847117999997863,1,638,3
discrimination,0.4280271000006905,0,470,3
discrimination,0.3658350999994582,0,478,3
discrimination,0.4192954999998619,1,563,3
discrimination,0.3654963999997562,0,532,3
discrimination,0.305939000001672,0,512,3
discrimination,0.4244020000005549,1,684,3
discrimination,0.3465091999987635,0,594,3
discrimination,0.5040723999991314,0,491,3
discrimination,0.3585053999995579,0,458,3
discrimination,0.4831673999997293,1,578,3
discrimination,0.580531699999483,0,474,3
discrimination,0.6234687000014674,1,583,3
discrimination,0.6250990000007732,1,611,3
discrimination,0.427439900000536,1,584,3
discrimination,0.3821910999995453,0,472,3
discrimination,0.4574763000000529,1,642,3
discrimination,0.4100427000012132,1,601,3
discrimination,0.5084338999986358,0,496,3
discrimination,0.3552700000000186,1,602,3
discrimination,0.4799774999992224,0,493,3
discrimination,0.5841282999990653,0,542,3
discrimination,0.4676976000009745,1,721,3
discrimination,,None,693,3
discrimination,0.5332567000004929,0,643,3
discrimination,0.3639889000005496,0,447,3
discrimination,0.4324691000001621,1,707,3
discrimination,0.6905728000001545,1,559,3
discrimination,0.6259660000014264,0,490,3
discrimination,0.4280423000000155,1,654,3
discrimination,0.4458656000006158,1,645,3
discrimination,0.4551738999998634,0,556,3
discrimination,0.7440940999986196,0,575,3
discrimination,0.4533787999989727,0,446,3
discrimination,0.4298453999999765,1,696,3
discrimination,0.4247278999991977,0,497,3
discrimination,0.6180526000007376,1,629,3
discrimination,0.420430000000124,0,511,3
discrimination,0.3745230999993509,1,681,3
discrimination,0.4823447999988275,1,689,3
discrimination,0.4024023000001762,0,433,3
discrimination,0.5410615000000689,1,501,3
discrimination,0.6188860999991448,1,682,3
discrimination,0.3965843000005407,0,437,3
discrimination,0.5759385000001203,1,708,3
discrimination,0.6121437000001606,1,694,3
discrimination,0.4306610000003275,0,592,3
discrimination,0.4090226999996957,0,538,3
discrimination,0.4368503999994573,0,430,3
discrimination,0.6544591000001674,1,664,3
discrimination,0.4713138999995863,0,562,3
discrimination,0.4874536000006629,1,658,3
discrimination,0.4466639000002033,1,701,3
discrimination,0.4723849000001792,0,637,3
discrimination,0.4887393999997585,0,536,3
discrimination,0.4078991999995196,1,670,3
discrimination,0.3867198000007193,0,498,3
discrimination,0.3417018999989523,1,660,3
discrimination,0.4034391000004689,1,647,3
discrimination,0.4381104000003688,0,565,3
discrimination,0.4799671000000672,0,489,3
discrimination,0.383601000001363,0,534,3
discrimination,0.4038065000004281,0,481,3
discrimination,0.3426152000010916,1,633,3
discrimination,0.2999167999987549,0,519,3
discrimination,0.4838545999991766,1,573,3
discrimination,0.4597859000004974,1,662,3
discrimination,0.3965970999997808,1,641,3
discrimination,0.4557611000000179,1,725,3
discrimination,0.376607400001376,0,574,3
discrimination,0.4367770999997447,0,438,3
discrimination,0.5416734999998879,0,571,3
discrimination,1.1068623999999545,0,585,3
discrimination,0.5149087999998301,0,554,3
discrimination,0.3373594999993656,1,634,3
discrimination,0.3996492000005673,1,625,3
discrimination,0.4823309000003064,1,683,3
discrimination,0.4737202999986039,1,706,3
discrimination,0.426113899999109,1,677,3
discrimination,0.4678743999993458,0,462,3
discrimination,0.4448348000005353,1,729,3
discrimination,0.6136729000008927,0,572,3
discrimination,0.4804258000003756,0,539,3
discrimination,0.7526978999994753,0,440,3
discrimination,0.8132660999999644,0,528,3
discrimination,0.5120212999991054,0,523,3
discrimination,0.3586770000001706,1,661,3
discrimination,0.4912007999992056,0,464,3
discrimination,0.5628101999991486,0,457,3
discrimination,0.4314102999996976,0,441,3
discrimination,0.465650000000096,1,535,3
discrimination,0.4656420999999682,1,699,3
discrimination,0.4105318999991141,0,566,3
discrimination,0.6211855000001378,0,455,3
discrimination,0.7672044999999343,0,586,3
discrimination,0.5398825000011129,1,609,3
discrimination,0.4971454000005906,0,435,3
discrimination,0.5767875000001368,1,579,3
discrimination,0.5164618999988306,0,517,3
discrimination,0.4839265000009618,1,697,3
discrimination,0.4839884000011807,0,518,3
discrimination,0.5637967000002391,0,548,3
discrimination,0.4488473999990674,1,636,3
discrimination,0.4656410999996297,1,717,3
discrimination,0.634370100000524,0,595,3
discrimination,0.6686314000016864,1,627,3
discrimination,0.8045012999991741,0,558,3
discrimination,0.6077228000012838,0,516,3
discrimination,0.5792939000002661,1,718,3
discrimination,0.4551334000007046,0,530,3
discrimination,0.4721700999998575,0,567,3
discrimination,0.5119157999997697,0,550,3
discrimination,0.5024585999999545,0,448,3
discrimination,0.4610777999987477,1,709,3
discrimination,0.5019432000008237,0,593,3
discrimination,0.7813347999999678,0,648,3
discrimination,0.497265800000605,1,619,3
discrimination,0.449204099999406,0,635,3
discrimination,0.4895960000012565,1,644,3
discrimination,0.5210773999988305,0,503,3
discrimination,0.4551467000001139,1,703,3
discrimination,0.5213329999987764,1,665,3
discrimination,0.7188396000001376,1,617,3
discrimination,0.5647270000008575,1,686,3
discrimination,0.5211332999988372,1,714,3
discrimination,0.5353164000007382,0,469,3
discrimination,0.9805187000001752,0,580,3
discrimination,0.7452974999996513,1,671,3
discrimination,0.5343173000001116,0,508,3
discrimination,0.3648087999990821,1,655,3
discrimination,0.4406952999997884,1,666,3
discrimination,0.4582538999984536,0,522,3
discrimination,0.3870472999988124,1,695,3
discrimination,0.438519900000756,0,587,3
discrimination,0.5839566000013292,0,513,3
discrimination,0.6677533000001858,0,452,3
discrimination,0.4128486999998131,1,680,3
discrimination,0.5990799000010156,0,460,3
discrimination,0.3704174000013154,1,712,3
discrimination,0.4141569000003073,1,691,3
discrimination,0.4011317000004056,0,495,3
discrimination,0.4361698000011529,0,483,3
discrimination,0.5507358000013483,1,626,3
discrimination,0.5163032000000385,0,499,3
discrimination,0.4189912999991065,0,561,3
discrimination,0.5090808000004472,0,475,3
discrimination,0.4120637999985775,0,545,3
discrimination,0.4788584999987506,1,715,3
discrimination,0.4063729000008607,0,468,3
discrimination,0.5052508999997372,0,537,3
discrimination,0.4559427999993204,0,510,3
discrimination,0.4886373999997886,1,614,3
