ID,RT,code,F1,Session
discrimination,-4.714824500000759,0,626,1
discrimination,-0.1508025000002817,0,597,1
discrimination,0.5792019999989861,0,614,1
discrimination,0.5033057999989978,0,613,1
discrimination,1.253718600000866,0,457,1
discrimination,0.6786227000011422,1,716,1
discrimination,0.4944288999995479,0,533,1
discrimination,0.4860435000009602,1,676,1
discrimination,0.5332471000001533,0,517,1
discrimination,0.4351776000003156,1,704,1
discrimination,0.7324301000007836,1,630,1
discrimination,0.4263277999998536,0,538,1
discrimination,0.5803031999985251,1,715,1
discrimination,0.569261099999494,0,622,1
discrimination,0.3883985000011307,0,612,1
discrimination,0.5840561000004527,0,500,1
discrimination,0.580030799999804,0,625,1
discrimination,0.5676667999996425,0,492,1
discrimination,0.4925261999997019,0,513,1
discrimination,0.5479355000006763,0,507,1
discrimination,0.5129826000011235,0,481,1
discrimination,0.8967073000003438,0,578,1
discrimination,-0.6490269000005355,1,480,1
discrimination,-0.1660447000012936,0,553,1
discrimination,0.748893500000122,0,435,1
discrimination,0.5376742999997077,0,449,1
discrimination,0.4388552000000345,1,601,1
discrimination,0.7452940999992279,0,496,1
discrimination,0.8861491000006936,1,491,1
discrimination,0.5832544999993843,0,681,1
discrimination,0.7704391000006581,0,525,1
discrimination,0.7024331000011443,1,671,1
discrimination,0.5011010999987775,1,670,1
discrimination,0.8125222999988182,0,535,1
discrimination,0.6391342999995686,0,463,1
discrimination,0.5045942999986437,1,607,1
discrimination,0.526927799999612,1,680,1
discrimination,0.556866999999329,1,728,1
discrimination,0.7135557999990851,0,615,1
discrimination,0.5445873999997275,0,574,1
discrimination,0.501665600000706,0,562,1
discrimination,-0.6185585999992327,1,582,1
discrimination,0.5843822000006185,0,661,1
discrimination,0.5235357000001386,1,698,1
discrimination,0.5696808000011515,0,466,1
discrimination,0.7174684999990859,0,431,1
discrimination,0.5083823000004486,1,700,1
discrimination,0.4990608999996766,0,505,1
discrimination,0.4663805000000138,1,655,1
discrimination,0.4509993000010582,1,723,1
discrimination,0.6123838000003161,1,634,1
discrimination,0.4155711000003066,0,560,1
discrimination,0.5055542999998579,0,567,1
discrimination,0.432255300000179,1,719,1
discrimination,0.4105810000000929,1,660,1
discrimination,0.5171264999989944,1,710,1
discrimination,0.4675757000004523,1,675,1
discrimination,0.5563024999992194,0,461,1
discrimination,0.6976504000012937,1,586,1
discrimination,0.5055095999996411,0,497,1
discrimination,0.3769173000000592,0,537,1
discrimination,0.5574027999991813,1,637,1
discrimination,0.5867861999995512,0,476,1
discrimination,0.5510751000001619,1,673,1
discrimination,0.548845799999981,1,662,1
discrimination,0.4669145999996545,0,526,1
discrimination,0.4923318000001018,1,699,1
discrimination,0.5652659000006679,0,454,1
discrimination,0.5375084999996034,0,477,1
discrimination,0.6078765000002022,0,520,1
discrimination,0.5859719000000041,0,486,1
discrimination,0.5093326000005618,0,495,1
discrimination,0.5323653000014019,1,624,1
discrimination,0.5376892999993288,1,559,1
discrimination,0.4869907000011153,0,444,1
discrimination,0.4705965000011929,1,658,1
discrimination,0.4626830000015616,0,473,1
discrimination,0.4077335999991192,1,712,1
discrimination,0.5537545999995928,1,689,1
discrimination,0.6072528999993665,1,647,1
discrimination,0.5132945999994263,0,445,1
discrimination,0.6397121000009065,0,483,1
discrimination,0.4493277000001399,1,652,1
discrimination,0.4104325999996945,1,666,1
discrimination,0.4450901000000158,0,581,1
discrimination,0.526462799998626,1,599,1
discrimination,0.6765709999999672,0,484,1
discrimination,0.5322756999994454,1,656,1
discrimination,0.4507410999995045,0,534,1
discrimination,0.5234459000002971,0,465,1
discrimination,0.5698762000010902,0,541,1
discrimination,0.4859481000003143,1,720,1
discrimination,0.4851749999997992,1,665,1
discrimination,0.4530649000007543,1,686,1
discrimination,0.461242499999571,0,573,1
discrimination,0.5501586999998835,0,593,1
discrimination,0.3956445000003441,1,687,1
discrimination,0.4156454999993002,0,588,1
discrimination,0.4415758000013738,1,628,1
discrimination,0.4436397999998008,0,434,1
discrimination,0.5728978000006464,0,493,1
discrimination,0.5372341000002052,0,503,1
discrimination,0.5985115000003134,1,643,1
discrimination,0.3939580000005662,1,598,1
discrimination,0.6771442999997817,1,717,1
discrimination,0.380956499999229,0,542,1
discrimination,0.625096300000223,0,433,1
discrimination,0.4192910000001575,1,692,1
discrimination,0.5490384000004269,0,548,1
discrimination,0.490330399999948,0,464,1
discrimination,0.482388099999298,0,552,1
discrimination,0.4016366000014385,1,705,1
discrimination,0.7163808000004792,0,501,1
discrimination,0.4988582999994833,0,511,1
discrimination,0.8262032000002364,1,592,1
discrimination,0.7642634000003454,1,638,1
discrimination,0.5610458999999537,0,583,1
discrimination,0.4612306999988505,1,677,1
discrimination,0.4067194999988714,0,514,1
discrimination,0.4827129000004789,0,450,1
discrimination,0.5297107999995205,0,566,1
discrimination,0.5359442999997555,0,627,1
discrimination,0.6293227999994997,0,596,1
discrimination,0.4950879000007262,1,523,1
discrimination,0.7102691999989474,1,569,1
discrimination,0.5730011000014201,1,711,1
discrimination,0.4568560000006983,0,561,1
discrimination,0.4977404000001116,1,669,1
discrimination,0.5210167000004731,1,718,1
discrimination,0.4387636000010389,1,707,1
discrimination,0.536165900000924,1,654,1
discrimination,0.4377813000010065,0,530,1
discrimination,0.5826097999997728,1,600,1
discrimination,-0.6445829000003869,1,631,1
discrimination,0.5977192999998806,1,611,1
discrimination,0.4407095999995363,1,636,1
discrimination,0.4103074000013293,0,531,1
discrimination,0.509117999999944,1,439,1
discrimination,0.6995979999992414,1,545,1
discrimination,0.6593064999997296,1,659,1
discrimination,0.644327299998622,0,469,1
discrimination,0.5258254999989731,1,618,1
discrimination,0.5635592999988148,1,568,1
discrimination,0.5601060999997571,1,682,1
discrimination,0.5172487999989244,1,606,1
discrimination,0.4915696999996726,0,441,1
discrimination,0.5710713000007672,1,730,1
discrimination,0.5587749000005715,0,490,1
discrimination,0.4434600000004138,1,696,1
discrimination,0.4770650999998906,0,528,1
discrimination,0.6451562000002014,0,550,1
discrimination,0.5423411000010674,1,641,1
discrimination,0.739663100001053,1,604,1
discrimination,0.7131755999998859,1,577,1
discrimination,0.5278463999984524,0,467,1
discrimination,0.5412775000004331,1,721,1
discrimination,0.4988249999987602,0,482,1
discrimination,0.546258399999715,0,468,1
discrimination,0.8400627999999415,1,608,1
discrimination,0.6656425999990461,1,623,1
discrimination,0.5542648999999074,0,540,1
discrimination,0.5989327000006597,0,571,1
discrimination,0.4822518000000855,0,532,1
discrimination,0.4262483000002248,1,690,1
discrimination,0.4451309000014589,1,642,1
discrimination,0.4696802999987994,1,726,1
discrimination,0.4618640000007872,0,443,1
discrimination,0.510573799998383,0,437,1
discrimination,0.7173602000002575,1,587,1
discrimination,0.8276223000011669,0,543,1
discrimination,0.5415931999996246,0,442,1
discrimination,0.6349148999997851,1,580,1
discrimination,0.6609520000001794,1,563,1
discrimination,0.5663855000002513,1,679,1
discrimination,0.7461683999990782,1,595,1
discrimination,0.4159615999997186,0,504,1
discrimination,0.4181274000002304,1,663,1
discrimination,0.4209081999997579,1,693,1
discrimination,0.6950687999997172,1,609,1
discrimination,0.4540804999996908,0,603,1
discrimination,0.5586124000001291,0,556,1
discrimination,0.427443200000198,0,546,1
discrimination,0.3974340999993729,0,502,1
discrimination,0.6247103999994579,1,646,1
discrimination,0.8907767000000604,1,633,1
discrimination,0.4990538000001834,0,570,1
discrimination,0.5538075999993453,0,487,1
discrimination,0.6297724999985803,1,650,1
discrimination,0.584532599999875,1,667,1
discrimination,0.3807749999996304,1,617,1
discrimination,0.4807167999988451,1,702,1
discrimination,0.480814400001691,0,547,1
discrimination,0.6006003999991663,0,536,1
discrimination,0.4515616999997292,0,438,1
discrimination,0.5016200999998546,1,616,1
discrimination,0.4291565000003175,0,460,1
discrimination,0.4392116000017268,1,694,1
discrimination,0.4487906999984261,0,478,1
discrimination,0.457542399999511,1,648,1
discrimination,0.4989702000002581,1,706,1
discrimination,0.5778035000003001,1,591,1
discrimination,0.413357299999916,1,590,1
discrimination,0.4485750999992888,0,451,1
discrimination,0.5373771000013221,0,448,1
discrimination,0.3428368000004411,0,499,1
discrimination,0.4042975000011211,0,519,1
discrimination,0.6385922000008577,1,644,1
discrimination,0.4081466000006913,0,456,1
discrimination,0.4989413000002969,1,619,1
discrimination,0.4582881000005728,1,657,1
discrimination,0.8909058000008372,0,510,1
discrimination,0.6501108000011301,0,518,1
discrimination,0.5472465000002558,0,509,1
discrimination,0.625276999999187,0,549,1
discrimination,0.4109277000006841,0,458,1
discrimination,0.4537153000001126,0,475,1
discrimination,0.3661358999997901,0,485,1
discrimination,0.4906983000000764,1,629,1
discrimination,0.4508602999994764,0,447,1
discrimination,0.3714397999992798,1,725,1
discrimination,0.5433496999994532,1,664,1
discrimination,0.4130738000003476,0,470,1
discrimination,0.6632262999992236,0,557,1
discrimination,0.3363344999997935,1,651,1
discrimination,0.4617658000006486,0,452,1
discrimination,0.5661818999997195,1,551,1
discrimination,0.5627705999995669,1,713,1
discrimination,0.3833532000007835,1,695,1
discrimination,0.4193122999986372,0,522,1
discrimination,0.4695248000007268,0,610,1
discrimination,0.461678399999073,0,584,1
discrimination,0.4060778000002756,0,605,1
discrimination,0.3213247000003321,0,521,1
discrimination,0.4324632999996538,0,572,1
discrimination,0.3615692000003037,0,653,1
discrimination,,None,688,1
discrimination,0.7506307000003289,0,498,1
discrimination,0.6202640000010433,1,639,1
discrimination,0.5901486000002478,1,640,1
discrimination,0.5374570999993011,1,684,1
discrimination,0.4630656999997882,1,678,1
discrimination,0.4554371000012907,0,436,1
discrimination,0.8719591000008222,1,602,1
discrimination,0.5839654999999766,1,697,1
discrimination,0.4840316999998322,1,722,1
discrimination,0.484035400000721,0,462,1
discrimination,0.4121462000002793,0,516,1
discrimination,0.4068079000007856,0,565,1
discrimination,0.4658099000007496,1,703,1
discrimination,0.5142706999995426,0,453,1
discrimination,0.4243979999992007,1,727,1
discrimination,0.418661499999871,0,455,1
discrimination,0.6687891999990825,0,489,1
discrimination,0.5326242999999522,0,446,1
discrimination,0.8263101000011375,0,494,1
discrimination,0.5166957000001275,0,479,1
discrimination,0.5716322999996919,1,645,1
discrimination,0.9433007999996336,1,672,1
discrimination,0.5730440999996063,1,691,1
discrimination,0.4335764000006748,0,594,1
discrimination,0.5552999999999884,1,512,1
discrimination,0.6399418000000878,1,668,1
discrimination,0.4971321000011813,0,579,1
discrimination,0.6168072000000393,0,508,1
discrimination,0.4435139999986859,0,589,1
discrimination,0.6205133000003116,1,709,1
discrimination,0.4066583000003448,0,474,1
discrimination,0.4410674000009749,1,724,1
discrimination,0.6268361999991612,0,564,1
discrimination,0.4843046999994839,1,729,1
discrimination,0.4768930999998702,0,472,1
discrimination,0.6610001000008197,0,575,1
discrimination,0.6774577000014688,0,506,1
discrimination,0.5332732000006217,0,527,1
discrimination,0.6274214000004577,0,430,1
discrimination,0.5175362999998471,0,539,1
discrimination,0.516231899999184,1,708,1
discrimination,0.658727900001395,0,635,1
discrimination,0.6992621000008512,0,471,1
discrimination,0.4988630000007106,1,683,1
discrimination,0.5856739000009838,0,714,1
discrimination,0.5572661999995034,0,555,1
discrimination,0.5139154999997118,0,544,1
discrimination,0.6324495999997453,1,649,1
discrimination,0.5160135999994964,0,488,1
discrimination,0.561598000000231,1,701,1
discrimination,0.5421762000005401,0,432,1
discrimination,0.5955007000011392,0,515,1
discrimination,0.7426477999997587,0,576,1
discrimination,0.6204338000006828,0,459,1
discrimination,0.6464243999998871,1,585,1
discrimination,0.4393164999983128,0,524,1
discrimination,0.5934520999999222,1,621,1
discrimination,0.4045660000010685,0,440,1
discrimination,0.4231949000004533,1,620,1
discrimination,0.5375399000004109,0,558,1
discrimination,0.4788614000008238,0,554,1
discrimination,0.4625670000004902,1,685,1
discrimination,0.5275916999999026,1,632,1
discrimination,0.5173759999997856,1,674,1
discrimination,0.5083546999994724,0,565,2
discrimination,0.611563100001149,1,696,2
discrimination,0.4457191000001329,1,671,2
discrimination,0.4230574000011984,0,447,2
discrimination,0.5452753999998095,0,589,2
discrimination,0.4465215999989596,0,527,2
discrimination,0.5122446000004857,1,628,2
discrimination,0.5343914999994013,0,522,2
discrimination,0.4445783999999549,0,479,2
discrimination,0.3826519000012921,1,643,2
discrimination,0.658638200000496,0,484,2
discrimination,0.5316560000010213,0,496,2
discrimination,0.4571190000006027,0,465,2
discrimination,0.482020299999931,0,448,2
discrimination,0.466472199999771,1,605,2
discrimination,0.474517200000264,1,615,2
discrimination,0.5156752000002598,1,613,2
discrimination,0.4984476000008726,1,683,2
discrimination,0.4251408999989508,1,660,2
discrimination,0.4355605999990075,1,713,2
discrimination,0.484611899999436,0,466,2
discrimination,0.5490566999997101,0,578,2
discrimination,0.417570199999318,0,544,2
discrimination,0.4130052999989857,1,647,2
discrimination,0.4633082000000286,1,654,2
discrimination,0.3676213999988249,0,525,2
discrimination,0.5247006000008696,0,571,2
discrimination,0.3788211000010051,1,528,2
discrimination,0.6466920000002574,0,538,2
discrimination,0.4721399000009114,0,452,2
discrimination,0.4324508000008791,0,439,2
discrimination,0.4500432000004366,1,631,2
discrimination,0.4354309000009379,0,494,2
discrimination,0.3969665999993594,0,516,2
discrimination,0.6404189000004408,0,566,2
discrimination,0.7778753999991751,1,624,2
discrimination,0.5019588000013755,1,609,2
discrimination,0.452379899999869,0,440,2
discrimination,0.4131360000010318,1,663,2
discrimination,0.6878603999994084,0,534,2
discrimination,0.4553030000006402,0,497,2
discrimination,0.4236232000002929,0,577,2
discrimination,0.5939868999994361,0,583,2
discrimination,0.4533876999994391,1,644,2
discrimination,0.3175943000005645,1,719,2
discrimination,0.4128563000012946,0,498,2
discrimination,0.3752256999996461,0,502,2
discrimination,0.4511653000008664,1,692,2
discrimination,0.7168345999998564,0,507,2
discrimination,0.4359652999992249,0,561,2
discrimination,0.3726100999992923,1,620,2
discrimination,0.3766967999999906,0,504,2
discrimination,0.3402421999999205,1,664,2
discrimination,0.3458639000000403,0,449,2
discrimination,0.3671474999991915,1,633,2
discrimination,0.5155168999990565,0,564,2
discrimination,0.6350133999985701,0,490,2
discrimination,0.5490009000004648,0,551,2
discrimination,0.4343361000010191,0,509,2
discrimination,0.4445625999996992,1,729,2
discrimination,0.3416054999997868,1,721,2
discrimination,0.5157465000011143,0,575,2
discrimination,0.6265699000014138,0,442,2
discrimination,0.4433246000007785,0,478,2
discrimination,0.4298218999992969,1,572,2
discrimination,0.8322974000002432,0,606,2
discrimination,0.5298362000012276,1,655,2
discrimination,0.4398088999987521,1,715,2
discrimination,0.43325029999869,0,510,2
discrimination,0.6193721999989066,0,451,2
discrimination,0.4939109000006283,1,632,2
discrimination,0.5331196000006457,1,625,2
discrimination,0.4358255000006465,0,512,2
discrimination,0.4856244999991759,0,553,2
discrimination,0.5177258999992773,1,607,2
discrimination,0.5082994000003964,1,705,2
discrimination,0.4190906999992876,1,668,2
discrimination,0.4371379999993224,0,438,2
discrimination,0.3506637999998929,0,477,2
discrimination,1.011828599999717,0,531,2
discrimination,0.5424488999997266,0,546,2
discrimination,0.3878112999991572,0,460,2
discrimination,0.4712650000001304,0,501,2
discrimination,0.3750032000007195,0,518,2
discrimination,0.3629730000011477,0,459,2
discrimination,0.5516657999996823,1,621,2
discrimination,0.492983500000264,0,506,2
discrimination,0.453021199999057,1,626,2
discrimination,0.4139003000000229,0,443,2
discrimination,0.456191299999773,1,646,2
discrimination,0.4973505999987538,1,669,2
discrimination,0.4323989999993501,0,550,2
discrimination,0.466695000000982,1,686,2
discrimination,0.387406199999532,0,462,2
discrimination,0.4703841999998986,0,476,2
discrimination,0.3582992999999988,0,488,2
discrimination,0.4113185000005615,1,724,2
discrimination,0.5497455000004265,0,593,2
discrimination,0.4917062999993505,0,508,2
discrimination,0.3868548999998893,0,437,2
discrimination,0.4465454000001045,0,515,2
discrimination,0.3917084999993676,0,557,2
discrimination,0.4831541000003199,0,455,2
discrimination,0.3959169000008842,0,464,2
discrimination,0.463450000001103,1,635,2
discrimination,0.6082757000003767,1,726,2
discrimination,0.4588946000003489,0,511,2
discrimination,0.7960076999988814,0,608,2
discrimination,0.5511206999999558,0,588,2
discrimination,0.4844347999987804,1,641,2
discrimination,0.3967149999989488,0,541,2
discrimination,0.8236456000013277,0,445,2
discrimination,0.5065095000009023,1,707,2
discrimination,0.7849636999999348,0,552,2
discrimination,0.7726041000005353,1,573,2
discrimination,0.7218900000007125,1,704,2
discrimination,0.4644908000009309,1,714,2
discrimination,0.3849671999996645,1,684,2
discrimination,0.4132812000007106,0,486,2
discrimination,0.5521734000012657,1,685,2
discrimination,0.4126159000006737,0,582,2
discrimination,0.7672060000004421,1,649,2
discrimination,0.4997189000005165,1,667,2
discrimination,0.4201953000010689,0,475,2
discrimination,0.4371464000014385,0,458,2
discrimination,0.5262661000015214,1,616,2
discrimination,0.7324029000010341,0,562,2
discrimination,0.5702368999991451,1,610,2
discrimination,0.4145016000002215,1,680,2
discrimination,0.4732141000004049,0,500,2
discrimination,0.4817684999998164,1,627,2
discrimination,0.4490803999997297,0,559,2
discrimination,0.4426051000009465,1,693,2
discrimination,0.4037791999999172,0,461,2
discrimination,0.5583982999996806,0,485,2
discrimination,0.4829962000003434,0,543,2
discrimination,0.3957661999993433,1,676,2
discrimination,0.4791093000003457,1,591,2
discrimination,0.487739899999724,1,580,2
discrimination,0.7030266000001575,1,709,2
discrimination,0.8535424000001512,1,639,2
discrimination,0.4713704000005237,0,554,2
discrimination,0.4635966999994707,0,505,2
discrimination,0.4561138999997638,0,548,2
discrimination,0.5211502000001929,1,694,2
discrimination,0.4552224999988539,0,450,2
discrimination,0.5836214999999356,0,601,2
discrimination,0.6034055999989505,0,617,2
discrimination,0.47093920000043,0,519,2
discrimination,0.495076600000175,1,691,2
discrimination,0.7741745999992418,0,618,2
discrimination,0.5627036999994743,0,535,2
discrimination,0.5271493999989616,0,487,2
discrimination,0.3248554999991029,0,446,2
discrimination,0.515901999999187,1,716,2
discrimination,0.3215569000003597,1,728,2
discrimination,0.3756259999991016,1,672,2
discrimination,0.3396150999997189,1,699,2
discrimination,0.880945700000666,1,638,2
discrimination,0.4248434000000998,0,592,2
discrimination,0.5550442000003386,0,489,2
discrimination,0.5277300999987347,1,725,2
discrimination,0.3895140000004176,0,523,2
discrimination,0.7692922000005638,0,612,2
discrimination,0.4611270999994304,0,430,2
discrimination,0.4215172000003804,1,682,2
discrimination,0.5760289000008925,0,619,2
discrimination,0.6203217999991466,0,514,2
discrimination,0.6784759999991365,0,456,2
discrimination,0.717963700000837,0,513,2
discrimination,0.4050325999996857,1,718,2
discrimination,0.5511960000003455,0,474,2
discrimination,0.8297545000004902,1,587,2
discrimination,0.6084300000002258,1,674,2
discrimination,0.4508173000012903,0,517,2
discrimination,0.5002576000006229,0,433,2
discrimination,0.563671300000351,1,563,2
discrimination,0.5285881999989215,1,700,2
discrimination,0.4551815000013448,1,687,2
discrimination,0.471663800000897,1,657,2
discrimination,0.4633567000000767,0,441,2
discrimination,0.5122140999992553,1,536,2
discrimination,0.4469724999999016,0,584,2
discrimination,0.6160108000003675,1,698,2
discrimination,0.4515647999996872,0,579,2
discrimination,0.4532865000001038,1,690,2
discrimination,0.5341802000002644,1,623,2
discrimination,0.4764211000001524,1,702,2
discrimination,0.9481608000005508,0,602,2
discrimination,0.4894808999997622,1,695,2
discrimination,0.488729599999715,0,529,2
discrimination,0.4399947999991127,0,469,2
discrimination,0.4253149000014673,0,547,2
discrimination,0.6994826000009198,1,645,2
discrimination,0.9392743999997036,1,568,2
discrimination,0.5693671999997605,0,594,2
discrimination,0.5986667000015586,0,532,2
discrimination,0.5776286000000255,1,640,2
discrimination,0.4214332000010472,0,545,2
discrimination,0.5034916000004159,0,499,2
discrimination,0.4220691999998962,1,658,2
discrimination,0.4329548000005161,0,471,2
discrimination,0.6669979999987845,0,542,2
discrimination,0.5797246000001905,1,611,2
discrimination,0.5838815999995859,1,598,2
discrimination,0.5395742999990034,1,678,2
discrimination,0.457011300000886,1,637,2
discrimination,0.4178608999991411,1,673,2
discrimination,0.5966502000010223,0,599,2
discrimination,0.4315420000002632,1,722,2
discrimination,0.4419987000001129,1,697,2
discrimination,0.3873702000000776,0,467,2
discrimination,0.3990821000006689,1,653,2
discrimination,0.5712818000010884,0,596,2
discrimination,0.6069131000003836,0,590,2
discrimination,0.4422835000004852,0,567,2
discrimination,0.4036990000004153,0,472,2
discrimination,0.5668974000000162,0,539,2
discrimination,0.4205576000003929,1,659,2
discrimination,0.4630840000008902,0,453,2
discrimination,0.4878158999999869,1,648,2
discrimination,0.5270197999998345,1,681,2
discrimination,0.5088386999996146,1,720,2
discrimination,0.4195524999995541,0,493,2
discrimination,0.5975115999990521,0,558,2
discrimination,0.4889268999995693,0,540,2
discrimination,1.0005160000000617,0,570,2
discrimination,0.4282977999991999,1,723,2
discrimination,0.4616979000002175,0,483,2
discrimination,0.4943043000002945,1,710,2
discrimination,0.54210299999977,0,630,2
discrimination,0.4833574000003864,1,689,2
discrimination,0.5154347000006965,0,556,2
discrimination,0.4740370999988954,1,670,2
discrimination,0.5542067000005773,0,481,2
discrimination,0.4549375999995391,1,665,2
discrimination,0.4635379999999714,0,629,2
discrimination,0.5604124000001321,1,675,2
discrimination,0.7888268999995489,1,661,2
discrimination,0.9837654000002658,1,642,2
discrimination,0.3885643000012351,0,524,2
discrimination,0.4563317000011011,1,688,2
discrimination,0.3213269999996555,0,569,2
discrimination,0.4707237000002351,1,470,2
discrimination,0.5987239000005502,0,473,2
discrimination,0.4740966999997909,1,679,2
discrimination,0.4185209999996005,0,431,2
discrimination,0.4530362999994395,0,436,2
discrimination,0.4130989999994199,1,656,2
discrimination,0.519306800000777,1,677,2
discrimination,0.4938179000000673,1,706,2
discrimination,0.4208792000008543,0,576,2
discrimination,0.6075863999994908,0,434,2
discrimination,0.4261244000008446,1,730,2
discrimination,0.5081460000001243,0,463,2
discrimination,0.5309080000006361,1,651,2
discrimination,0.3846782999989955,0,457,2
discrimination,0.4135234000004857,1,703,2
discrimination,0.3836977999999362,0,530,2
discrimination,0.4834040999994613,1,636,2
discrimination,0.3319026999997732,0,521,2
discrimination,0.3775031999994097,1,711,2
discrimination,0.5095612000004621,1,650,2
discrimination,0.4041531999992003,1,717,2
discrimination,0.4467475999990711,0,495,2
discrimination,0.3922802999986743,0,537,2
discrimination,0.5633166000006895,0,586,2
discrimination,0.4799898000001122,1,712,2
discrimination,0.4161627000012231,0,491,2
discrimination,0.5476864000011119,0,454,2
discrimination,1.1764442000003328,1,595,2
discrimination,0.4454972000003181,0,492,2
discrimination,0.4225118000013026,1,662,2
discrimination,0.5851583000003302,0,614,2
discrimination,0.6941176000000269,0,435,2
discrimination,0.5575805000007676,1,585,2
discrimination,0.5466753000000608,1,708,2
discrimination,0.5996671000011702,0,622,2
discrimination,0.8669227999998839,0,600,2
discrimination,0.5801897999990615,0,555,2
discrimination,0.5523515000004409,0,549,2
discrimination,0.4769448999995802,0,432,2
discrimination,0.4685848000008264,1,652,2
discrimination,0.7252092999988236,0,574,2
discrimination,0.6443518999985827,0,503,2
discrimination,0.9177220000001398,1,603,2
discrimination,0.6443925000003219,1,701,2
discrimination,0.4466975999985152,1,727,2
discrimination,0.7192219999997178,1,634,2
discrimination,0.7256870000001072,0,581,2
discrimination,1.0994282999999996,0,520,2
discrimination,0.7405048999989958,1,597,2
discrimination,0.5048850999992283,1,604,2
discrimination,0.5277829999995447,0,482,2
discrimination,0.4453238999994937,1,666,2
discrimination,0.5506708000011713,1,560,2
discrimination,0.5160641000002215,0,480,2
discrimination,0.5869456000000355,0,526,2
discrimination,0.5743701000010333,0,533,2
discrimination,0.6902699000002029,0,444,2
discrimination,0.5541888999996445,1,729,3
discrimination,0.3186313999995036,1,673,3
discrimination,0.3245461999995314,0,545,3
discrimination,0.6583143000007112,0,629,3
discrimination,0.4200985000006767,0,476,3
discrimination,0.3100849000002199,1,660,3
discrimination,0.3252343000003748,0,463,3
discrimination,0.4121828999996069,0,547,3
discrimination,0.3424881000009918,0,578,3
discrimination,0.4448525999996491,1,658,3
discrimination,0.9092256000003544,1,643,3
discrimination,0.3808447000010346,0,541,3
discrimination,0.3525697999994009,1,706,3
discrimination,0.3410672999998496,0,514,3
discrimination,0.34666819999984,1,621,3
discrimination,0.4797913000002154,0,554,3
discrimination,0.3841666000007535,0,515,3
discrimination,0.372853099999702,0,467,3
discrimination,0.3680908000005729,0,431,3
discrimination,0.3726765999999769,1,615,3
discrimination,0.3204375999994227,0,486,3
discrimination,0.3744900000001508,1,663,3
discrimination,0.5151322000001528,1,651,3
discrimination,0.3692169999994803,0,516,3
discrimination,0.5337567999995372,0,562,3
discrimination,0.4434535000000324,1,586,3
discrimination,0.4205851999995502,1,661,3
discrimination,0.3833070999990013,0,592,3
discrimination,0.5155880999991496,0,451,3
discrimination,0.3462811000008514,1,720,3
discrimination,0.6233088000008138,0,609,3
discrimination,0.5371937999989314,0,503,3
discrimination,0.4465037000009033,1,640,3
discrimination,0.3599054000005708,0,495,3
discrimination,0.4449370000002091,0,499,3
discrimination,0.4949228999994375,0,509,3
discrimination,0.4465235000006942,1,645,3
discrimination,0.4391864000008354,1,728,3
discrimination,0.3681316999991395,0,438,3
discrimination,0.4209976999991341,1,675,3
discrimination,0.4712480999987747,1,650,3
discrimination,0.3513034999996307,0,457,3
discrimination,0.3488515000008192,1,721,3
discrimination,0.4341127999996388,1,626,3
discrimination,0.3000905000008061,0,449,3
discrimination,0.3552486000007775,0,497,3
discrimination,0.3120580999984668,1,702,3
discrimination,0.3745321000005788,1,726,3
discrimination,0.3545675000004849,0,523,3
discrimination,0.4710893000010401,1,617,3
discrimination,0.3442906999989645,0,478,3
discrimination,0.3656815000013012,1,652,3
discrimination,0.4018677999993088,0,445,3
discrimination,0.3731592000003729,1,691,3
discrimination,0.5054689999997208,0,546,3
discrimination,,None,679,3
discrimination,,None,574,3
discrimination,0.5214796000000206,0,465,3
discrimination,0.4556317000005947,1,725,3
discrimination,0.400135500000033,0,598,3
discrimination,0.4442158000001655,0,496,3
discrimination,0.405641100000139,1,668,3
discrimination,0.6561170999993919,0,600,3
discrimination,0.5525758999992831,0,469,3
discrimination,0.3986994000006234,1,718,3
discrimination,0.3933504000015091,0,511,3
discrimination,0.557095100000879,0,440,3
discrimination,0.9465369999998074,0,602,3
discrimination,0.4484685999996145,1,662,3
discrimination,0.3933746000002429,0,483,3
discrimination,0.7007495999987441,0,500,3
discrimination,0.5877354999993258,0,582,3
discrimination,0.3511509999989357,1,709,3
discrimination,0.4525011000005179,1,628,3
discrimination,0.3493877000000793,0,512,3
discrimination,0.3705781000007846,0,538,3
discrimination,0.3833230000000185,0,518,3
discrimination,0.4026976000004652,0,430,3
discrimination,0.3969873000005464,1,688,3
discrimination,0.3766579999992245,1,710,3
discrimination,0.5489233999996941,0,525,3
discrimination,0.6178462999996555,1,699,3
discrimination,0.3724038000000292,0,513,3
discrimination,,None,642,3
discrimination,0.5450700000001234,0,549,3
discrimination,0.4161803999995754,1,684,3
discrimination,0.4427405999995244,1,674,3
discrimination,0.6121269000013854,0,630,3
discrimination,0.5428486999990128,0,534,3
discrimination,0.5880399999987276,0,552,3
discrimination,0.6630960000002233,0,439,3
discrimination,0.9836548999992374,1,529,3
discrimination,0.3803771000002598,0,532,3
discrimination,0.3844183000001067,1,624,3
discrimination,0.4687773000005109,1,713,3
discrimination,0.4686278999997739,0,459,3
discrimination,0.444281799998862,0,540,3
discrimination,0.4222747000003437,1,681,3
discrimination,0.5926311000002897,0,606,3
discrimination,0.5877318999991985,0,599,3
discrimination,0.4070115999984409,1,678,3
discrimination,0.3626497000004747,0,579,3
discrimination,0.430554900000061,0,498,3
discrimination,0.5610054999997374,1,580,3
discrimination,0.6133222999997088,0,528,3
discrimination,0.6236805999997159,0,559,3
discrimination,0.4337255999998888,1,608,3
discrimination,0.3319565000001603,0,696,3
discrimination,0.4418217999991612,0,558,3
discrimination,0.5472234999997454,0,584,3
discrimination,0.5606176000001142,1,693,3
discrimination,0.6372276000001875,0,466,3
discrimination,0.3825057000012748,1,604,3
discrimination,0.4746973999990587,0,519,3
discrimination,0.4583910000001197,0,434,3
discrimination,0.4274826000000757,0,475,3
discrimination,0.4375631999992038,0,448,3
discrimination,0.4946777000004658,1,605,3
discrimination,0.4461074999999255,0,437,3
discrimination,0.5513253999997687,0,479,3
discrimination,0.5490166999989015,0,556,3
discrimination,0.4262460000009014,1,618,3
discrimination,0.3798485999996046,0,491,3
discrimination,0.4798494999995455,1,573,3
discrimination,0.5121187999993708,1,692,3
discrimination,0.4384548999987601,0,473,3
discrimination,0.5194200999994791,0,460,3
discrimination,0.5187532999989344,1,634,3
discrimination,0.6932254999992438,1,687,3
discrimination,0.6134476000006543,1,695,3
discrimination,0.4397958999998081,0,526,3
discrimination,0.4335021999995661,1,716,3
discrimination,0.4747796999999992,1,682,3
discrimination,0.4279678000002605,0,527,3
discrimination,0.5657415999994555,0,477,3
discrimination,0.4902779000003648,1,653,3
discrimination,0.3378991999998106,1,698,3
discrimination,0.4553579000003083,0,444,3
discrimination,1.023759899999277,0,489,3
discrimination,0.6255774000001111,0,441,3
discrimination,0.4919007000007696,0,455,3
discrimination,0.4999283999986801,1,548,3
discrimination,0.5950453000004927,1,572,3
discrimination,0.8627373999988777,1,672,3
discrimination,0.4391083999998955,0,488,3
discrimination,0.8565598000004684,0,551,3
discrimination,0.7138488999989931,0,610,3
discrimination,0.6244541999985813,0,536,3
discrimination,0.9383338000006916,0,612,3
discrimination,0.5928364999999758,0,539,3
discrimination,0.4200404000002891,1,704,3
discrimination,0.493773299998793,0,490,3
discrimination,0.4532453000010719,1,723,3
discrimination,0.4942657999999938,0,585,3
discrimination,0.8058623999986594,0,436,3
discrimination,1.0960823999994318,1,625,3
discrimination,0.4488919000013993,0,456,3
discrimination,0.498239200000171,1,666,3
discrimination,0.8010855000011361,0,462,3
discrimination,0.5005252999999357,1,669,3
discrimination,0.4120155000000522,0,522,3
discrimination,0.4229646000003413,1,646,3
discrimination,0.4724055999995471,1,647,3
discrimination,0.4403188000014779,0,570,3
discrimination,0.4260102999996889,1,654,3
discrimination,0.4439716000015324,1,722,3
discrimination,0.6380324000001565,1,631,3
discrimination,0.4952271000001929,1,667,3
discrimination,0.590415499998926,0,596,3
discrimination,1.1217371999991883,1,614,3
discrimination,0.3845595999991929,0,452,3
discrimination,0.8449966999996832,0,593,3
discrimination,0.8699959999994462,0,563,3
discrimination,0.630039300000135,0,446,3
discrimination,1.0718440000000555,0,591,3
discrimination,0.4802835999998933,1,659,3
discrimination,0.5607646999997087,1,708,3
discrimination,0.996889199999714,1,657,3
discrimination,0.4337967999999819,0,530,3
discrimination,0.8110054999997374,1,644,3
discrimination,0.6298621999994793,1,671,3
discrimination,0.8636277000005066,1,683,3
discrimination,0.5132107000008546,0,537,3
discrimination,0.4324151000000711,0,560,3
discrimination,0.4097039999996923,0,565,3
discrimination,0.4204337999999552,0,487,3
discrimination,0.5998329000012745,1,637,3
discrimination,0.6260237999995297,0,506,3
discrimination,0.9635488000003534,0,555,3
discrimination,0.6010036999996373,1,594,3
discrimination,0.4603418999995483,0,504,3
discrimination,0.40509480000037,0,544,3
discrimination,0.4233650999995007,1,703,3
discrimination,0.4898999000015465,1,690,3
discrimination,0.473142299999381,0,543,3
discrimination,0.5133012999995117,1,639,3
discrimination,0.3917983000010281,1,676,3
discrimination,0.4828945999997814,0,521,3
discrimination,0.5070075000003271,0,474,3
discrimination,0.4577036999999109,1,677,3
discrimination,0.4190953000015725,0,480,3
discrimination,0.4451774999997724,1,680,3
discrimination,0.5034082000001945,0,581,3
discrimination,0.5491304999995918,0,576,3
discrimination,0.4664910999999847,1,638,3
discrimination,0.5153953999997611,1,633,3
discrimination,0.5693064999995839,1,627,3
discrimination,0.5822968000011315,1,649,3
discrimination,0.5137238999996043,0,616,3
discrimination,0.5127358999998249,0,561,3
discrimination,0.4555179999988468,0,533,3
discrimination,0.4235532000002422,0,505,3
discrimination,0.3695950000001176,0,442,3
discrimination,0.5975634999995236,0,577,3
discrimination,0.5290934999993624,1,648,3
discrimination,0.4869510999997146,0,507,3
discrimination,0.55048429999988,1,665,3
discrimination,0.6200492999996641,1,622,3
discrimination,0.5414451999986339,1,717,3
discrimination,0.572057200000927,0,454,3
discrimination,0.5194418000010046,1,689,3
discrimination,0.3893674999999348,0,501,3
discrimination,0.4568305000011605,0,494,3
discrimination,0.4974964000011824,1,553,3
discrimination,0.3928489999998419,1,670,3
discrimination,0.3885084999983519,0,589,3
discrimination,0.4077553999995871,1,590,3
discrimination,0.4103477999997267,0,468,3
discrimination,0.4611121999987518,0,450,3
discrimination,0.3898636000012629,1,636,3
discrimination,0.4810106999993877,1,724,3
discrimination,0.4090398999996978,0,464,3
discrimination,0.4837566000005609,1,712,3
discrimination,0.4277708999998139,1,656,3
discrimination,0.5415217000008852,0,607,3
discrimination,0.5953182999983255,0,601,3
discrimination,0.5742407999987336,0,531,3
discrimination,0.8984653999996226,0,569,3
discrimination,0.6422958999992261,0,447,3
discrimination,0.5156578999994963,1,685,3
discrimination,0.4104757999994035,1,711,3
discrimination,0.5094701999987592,0,623,3
discrimination,0.5325969000004989,0,588,3
discrimination,0.5136691999996401,0,493,3
discrimination,0.4401741000001493,1,655,3
discrimination,0.4094254999999976,1,707,3
discrimination,0.4444951999994373,0,632,3
discrimination,0.5824056000001292,0,575,3
discrimination,0.6575235000000248,0,566,3
discrimination,0.6106127000002743,0,502,3
discrimination,0.428899000000456,1,705,3
discrimination,0.6163455000005342,0,613,3
discrimination,0.5533937999989575,1,641,3
discrimination,0.4059343000008084,1,603,3
discrimination,0.6488993000002665,1,714,3
discrimination,0.5784536000010121,0,567,3
discrimination,0.4472144999999728,0,571,3
discrimination,0.8082788000010623,0,520,3
discrimination,0.6675857000009273,0,433,3
discrimination,0.484753599999749,0,435,3
discrimination,0.8211172999999692,1,550,3
discrimination,0.4633593000016845,1,564,3
discrimination,0.3995974000008573,1,587,3
discrimination,0.7469617999995535,0,535,3
discrimination,0.4561881000008725,1,694,3
discrimination,0.4970195000005333,0,481,3
discrimination,0.4497462999988784,0,482,3
discrimination,0.482509299999947,1,620,3
discrimination,0.4495975999998336,1,719,3
discrimination,0.3869891999984248,0,453,3
discrimination,0.8545383000000584,1,568,3
discrimination,0.3994727000008425,0,443,3
discrimination,0.346857500000624,0,461,3
discrimination,0.3842342999996617,1,697,3
discrimination,0.3490466000002925,0,471,3
discrimination,0.5056000000004133,1,686,3
discrimination,0.3763488000004145,0,508,3
discrimination,0.4042699000001448,1,701,3
discrimination,0.5674218000003748,0,597,3
discrimination,1.148043500001222,0,484,3
discrimination,1.1215864999994665,0,542,3
discrimination,0.4883645000008983,1,730,3
discrimination,0.5756863000005978,0,595,3
discrimination,0.4599283000006835,1,715,3
discrimination,0.3407693000008294,0,557,3
discrimination,0.4662957999989885,1,611,3
discrimination,0.3630804000003991,0,510,3
discrimination,0.4477098999996088,1,700,3
discrimination,0.3847015999999712,0,472,3
discrimination,0.3969381000006251,1,635,3
discrimination,0.3283334999996441,0,485,3
discrimination,0.5341692999991211,0,432,3
discrimination,0.3964639000005264,1,664,3
discrimination,0.3121497000011004,0,470,3
discrimination,0.4552799999983108,1,727,3
discrimination,0.4322253000009368,0,524,3
discrimination,0.4254342000003817,0,492,3
discrimination,0.6277454000010039,0,583,3
discrimination,0.7416226000004826,0,619,3
discrimination,0.5468049000010069,0,517,3
