ID,RT,code,F1,Session
Alexandru Suru,0.6277468000189401,1,517,1
Alexandru Suru,0.5393679999979213,1,682,1
Alexandru Suru,0.5009648999548517,0,440,1
Alexandru Suru,0.5516830999986269,0,464,1
Alexandru Suru,0.380927000020165,1,594,1
Alexandru Suru,0.4908852999797091,0,439,1
Alexandru Suru,0.3445480999653227,1,555,1
Alexandru Suru,0.4325224999920465,1,674,1
Alexandru Suru,0.3592574000358581,1,708,1
Alexandru Suru,0.243165299994871,1,636,1
Alexandru Suru,0.2762930999742821,1,571,1
Alexandru Suru,0.3128171000280417,1,621,1
Alexandru Suru,0.2656688999850303,1,523,1
Alexandru Suru,0.4378348999889567,1,726,1
Alexandru Suru,0.3441526000387966,0,509,1
Alexandru Suru,0.2625448000035248,1,646,1
Alexandru Suru,0.523050100018736,1,541,1
Alexandru Suru,0.4146420999895781,0,447,1
Alexandru Suru,0.3726189999724738,1,633,1
Alexandru Suru,0.4217253999668173,1,580,1
Alexandru Suru,0.3778177999774925,1,639,1
Alexandru Suru,0.4839610999915749,0,535,1
Alexandru Suru,0.7347541999770328,1,549,1
Alexandru Suru,0.6277725999825634,1,542,1
Alexandru Suru,0.5606735000037588,1,720,1
Alexandru Suru,0.6409674000460654,1,573,1
Alexandru Suru,0.3756837000255473,1,710,1
Alexandru Suru,0.2563994999509305,1,706,1
Alexandru Suru,0.3236534999450668,1,626,1
Alexandru Suru,0.3252121999976225,1,711,1
Alexandru Suru,0.3219831999740563,0,510,1
Alexandru Suru,0.480901199975051,0,533,1
Alexandru Suru,0.8424282999476418,0,628,1
Alexandru Suru,0.4222984000225551,1,695,1
Alexandru Suru,0.4580120000173338,0,475,1
Alexandru Suru,0.3180542000336572,1,677,1
Alexandru Suru,0.6901620000135154,1,551,1
Alexandru Suru,0.5695231999852695,0,564,1
Alexandru Suru,0.4118801999720745,0,503,1
Alexandru Suru,0.6651039000134915,0,620,1
Alexandru Suru,0.5265618999837898,0,576,1
Alexandru Suru,0.2807674999930896,1,687,1
Alexandru Suru,0.4322729000123217,0,520,1
Alexandru Suru,0.5085651000263169,0,554,1
Alexandru Suru,0.3158029999467544,1,698,1
Alexandru Suru,0.4812731000129133,0,476,1
Alexandru Suru,0.3984725000336766,1,715,1
Alexandru Suru,0.3869930999935604,0,480,1
Alexandru Suru,0.5139825999503955,0,460,1
Alexandru Suru,0.3950865000369958,0,472,1
Alexandru Suru,0.3313729999936186,1,675,1
Alexandru Suru,0.6055957999778911,0,612,1
Alexandru Suru,0.8829039999982342,0,605,1
Alexandru Suru,0.6650487000006251,1,563,1
Alexandru Suru,0.4375109000247903,1,693,1
Alexandru Suru,0.318682599987369,1,704,1
Alexandru Suru,0.297964800032787,1,700,1
Alexandru Suru,0.3698136000311933,1,651,1
Alexandru Suru,0.2632661000243388,1,635,1
Alexandru Suru,0.3457404000218957,0,591,1
Alexandru Suru,0.427254999987781,1,575,1
Alexandru Suru,0.7292022000183351,1,694,1
Alexandru Suru,0.6100050999666564,0,514,1
Alexandru Suru,0.408753199968487,1,671,1
Alexandru Suru,0.3641127999871969,0,443,1
Alexandru Suru,0.4080960000283085,0,536,1
Alexandru Suru,0.298641899949871,1,702,1
Alexandru Suru,0.5941218999796547,0,431,1
Alexandru Suru,0.4265299999970011,0,453,1
Alexandru Suru,0.4076037000049837,0,435,1
Alexandru Suru,0.3157776999869384,0,582,1
Alexandru Suru,0.3966331999981776,0,496,1
Alexandru Suru,0.3295657999697141,0,518,1
Alexandru Suru,0.3554718000232242,1,637,1
Alexandru Suru,0.4596563999657519,0,438,1
Alexandru Suru,0.4271911000250838,0,483,1
Alexandru Suru,0.3329942999989725,0,436,1
Alexandru Suru,0.3508572000428103,1,607,1
Alexandru Suru,0.4654907999793067,1,696,1
Alexandru Suru,0.5213503999984823,1,643,1
Alexandru Suru,0.4613366000121459,1,446,1
Alexandru Suru,0.7436719999532215,0,552,1
Alexandru Suru,0.5557854000362568,0,587,1
Alexandru Suru,0.8098305999883451,0,625,1
Alexandru Suru,0.3924548999639228,1,634,1
Alexandru Suru,0.4468602000270039,0,508,1
Alexandru Suru,0.3108237000415101,1,730,1
Alexandru Suru,0.3247910999925807,1,673,1
Alexandru Suru,0.4212159999879077,0,526,1
Alexandru Suru,0.4322247999953106,0,602,1
Alexandru Suru,0.3675974000361748,0,441,1
Alexandru Suru,0.3290333999902941,1,569,1
Alexandru Suru,0.4748354000039398,1,721,1
Alexandru Suru,0.3959733999799937,1,652,1
Alexandru Suru,0.4150076999794692,0,433,1
Alexandru Suru,0.5520991000230424,0,584,1
Alexandru Suru,0.7242129000369459,0,662,1
Alexandru Suru,0.4310300999786705,1,664,1
Alexandru Suru,0.2710067000007257,1,686,1
Alexandru Suru,0.4479056000127457,0,545,1
Alexandru Suru,0.4587192999897524,0,558,1
Alexandru Suru,0.3421015999629162,0,502,1
Alexandru Suru,0.6593674999894574,0,565,1
Alexandru Suru,0.378227400011383,1,713,1
Alexandru Suru,0.3305434000212699,1,716,1
Alexandru Suru,0.3512713999953121,1,645,1
Alexandru Suru,0.6951670999987982,0,546,1
Alexandru Suru,0.6170326999854296,0,481,1
Alexandru Suru,0.4269103000406176,0,547,1
Alexandru Suru,0.3405522999819368,0,540,1
Alexandru Suru,0.4156473000184633,0,553,1
Alexandru Suru,0.3646409999928437,0,488,1
Alexandru Suru,0.3145678000291809,0,512,1
Alexandru Suru,0.4486427000374533,1,725,1
Alexandru Suru,0.5055954999988899,1,648,1
Alexandru Suru,0.6547308000153862,1,578,1
Alexandru Suru,0.5819734000251628,1,691,1
Alexandru Suru,0.3972550999606028,1,659,1
Alexandru Suru,0.7351704000029713,1,566,1
Alexandru Suru,0.3382027999614365,0,499,1
Alexandru Suru,0.4150042000110261,1,699,1
Alexandru Suru,0.4039814000134356,1,640,1
Alexandru Suru,0.3432787000201642,1,705,1
Alexandru Suru,0.3615977000445127,1,719,1
Alexandru Suru,0.5182516000350006,0,461,1
Alexandru Suru,0.7098022999707609,0,525,1
Alexandru Suru,0.5853321999893524,0,550,1
Alexandru Suru,0.4557483000098727,0,543,1
Alexandru Suru,0.4757510999916121,0,589,1
Alexandru Suru,0.4390724000404589,1,718,1
Alexandru Suru,0.3652025999617763,1,717,1
Alexandru Suru,0.3299092000233941,1,697,1
Alexandru Suru,0.2574840000015683,1,599,1
Alexandru Suru,0.5205513999680988,1,617,1
Alexandru Suru,0.7383268000558019,1,623,1
Alexandru Suru,0.5716833000187762,1,680,1
Alexandru Suru,0.3116703999694437,0,501,1
Alexandru Suru,0.4303836000035517,0,495,1
Alexandru Suru,0.4642953999573365,0,588,1
Alexandru Suru,0.4023620000225492,1,689,1
Alexandru Suru,0.4126593999681063,1,608,1
Alexandru Suru,0.3006882999907247,0,474,1
Alexandru Suru,0.5601584000396542,0,585,1
Alexandru Suru,0.4468008000403642,0,539,1
Alexandru Suru,0.4365619999589398,0,532,1
Alexandru Suru,0.2984389000339433,0,497,1
Alexandru Suru,0.3742546999710612,0,489,1
Alexandru Suru,0.609301799966488,0,616,1
Alexandru Suru,0.3235464000026695,0,457,1
Alexandru Suru,0.3236140999943018,0,442,1
Alexandru Suru,0.3674429999664426,0,458,1
Alexandru Suru,0.5031109999981709,1,678,1
Alexandru Suru,0.5804907999699935,1,556,1
Alexandru Suru,0.4796691000228748,1,560,1
Alexandru Suru,0.5158552000066265,0,471,1
Alexandru Suru,0.9376725999754854,0,656,1
Alexandru Suru,1.0036019999533892,1,600,1
Alexandru Suru,0.9719931000145152,0,449,1
Alexandru Suru,0.2914411000092514,1,649,1
Alexandru Suru,0.6471241000108421,0,531,1
Alexandru Suru,0.4208545000292361,0,482,1
Alexandru Suru,0.4690327999996952,0,581,1
Alexandru Suru,0.3187778000137768,0,486,1
Alexandru Suru,0.4825267000123858,0,574,1
Alexandru Suru,0.4306140000117011,0,528,1
Alexandru Suru,0.3247402999550104,0,452,1
Alexandru Suru,0.6412997000152245,0,593,1
Alexandru Suru,0.3194284000201151,1,654,1
Alexandru Suru,0.4482801000121981,0,538,1
Alexandru Suru,0.3322475000168197,0,492,1
Alexandru Suru,0.5987382000312209,0,610,1
Alexandru Suru,0.3818418000009842,0,454,1
Alexandru Suru,0.3614264999632723,0,467,1
Alexandru Suru,0.4196681000175886,0,455,1
Alexandru Suru,0.4431009000400081,1,685,1
Alexandru Suru,0.7609312999993563,0,507,1
Alexandru Suru,0.4271580999484285,0,559,1
Alexandru Suru,0.465096200001426,0,466,1
Alexandru Suru,0.509975699998904,1,714,1
Alexandru Suru,0.5059688000474125,1,684,1
Alexandru Suru,1.0650513999862596,1,462,1
Alexandru Suru,0.5671502000186592,0,516,1
Alexandru Suru,0.3399352999986149,0,583,1
Alexandru Suru,0.3910952999722212,0,658,1
Alexandru Suru,0.3763554000179283,1,669,1
Alexandru Suru,0.9553934999858028,0,491,1
Alexandru Suru,0.5404088000068441,0,618,1
Alexandru Suru,0.6642601999919862,0,577,1
Alexandru Suru,0.5254595999722369,0,524,1
Alexandru Suru,0.5005487999878824,1,679,1
Alexandru Suru,0.5447013000375591,1,701,1
Alexandru Suru,0.5811704000225291,1,619,1
Alexandru Suru,0.5148356000427157,1,631,1
Alexandru Suru,0.9613458000239916,0,473,1
Alexandru Suru,0.362644899985753,0,484,1
Alexandru Suru,0.4381059999577701,0,511,1
Alexandru Suru,0.3386298000114038,0,615,1
Alexandru Suru,0.3408061999944038,1,665,1
Alexandru Suru,0.3585678999661468,1,627,1
Alexandru Suru,0.3543745999922976,1,723,1
Alexandru Suru,0.4912938000052236,1,596,1
Alexandru Suru,0.2395687000243924,0,622,1
Alexandru Suru,0.3904508000123314,1,728,1
Alexandru Suru,0.3353885000105947,1,667,1
Alexandru Suru,0.2645997999934479,1,683,1
Alexandru Suru,0.3045453999657184,1,561,1
Alexandru Suru,0.1895625999895855,0,505,1
Alexandru Suru,0.1892910000169649,0,522,1
Alexandru Suru,0.4534109000233002,1,661,1
Alexandru Suru,0.4356515000108629,0,432,1
Alexandru Suru,0.3052789000212215,1,681,1
Alexandru Suru,0.219220699975267,0,434,1
Alexandru Suru,0.2333604000159539,1,513,1
Alexandru Suru,0.2331740999943576,0,692,1
Alexandru Suru,0.3206332999980077,1,504,1
Alexandru Suru,0.9465027999831364,1,597,1
Alexandru Suru,0.5218674000352621,0,459,1
Alexandru Suru,0.2819776000105776,0,650,1
Alexandru Suru,0.6996665999758989,0,537,1
Alexandru Suru,0.2879860000102781,1,668,1
Alexandru Suru,0.4896100999903865,0,534,1
Alexandru Suru,0.2709623000118881,1,562,1
Alexandru Suru,0.7015677000163123,0,660,1
Alexandru Suru,0.4735067000146955,0,629,1
Alexandru Suru,0.4133580999914557,0,598,1
Alexandru Suru,0.2688291000085883,1,638,1
Alexandru Suru,0.2503767000162042,1,676,1
Alexandru Suru,0.4228412000229582,0,478,1
Alexandru Suru,0.403043299971614,0,548,1
Alexandru Suru,0.3584934000391513,1,632,1
Alexandru Suru,0.2414911999949254,0,614,1
Alexandru Suru,0.759536899975501,0,485,1
Alexandru Suru,1.1999362999922596,0,456,1
Alexandru Suru,0.589872499986086,1,703,1
Alexandru Suru,0.3975458999630064,0,544,1
Alexandru Suru,0.8081835999619216,1,451,1
Alexandru Suru,0.6068191000376828,1,430,1
Alexandru Suru,0.1965332999825477,0,606,1
Alexandru Suru,0.2503936000284739,0,468,1
Alexandru Suru,0.1659762000199407,0,448,1
Alexandru Suru,0.1744365000049583,0,437,1
Alexandru Suru,0.1939411999774165,0,557,1
Alexandru Suru,0.2236129999510012,0,479,1
Alexandru Suru,1.019547000003513,0,604,1
Alexandru Suru,0.3439473999897018,0,570,1
Alexandru Suru,0.1006502999807708,0,670,1
Alexandru Suru,0.2128275000141002,1,688,1
Alexandru Suru,0.1922440000344067,1,641,1
Alexandru Suru,0.2070167000056244,1,521,1
Alexandru Suru,0.2480982999550178,1,727,1
Alexandru Suru,0.331328600004781,0,490,1
Alexandru Suru,0.3848737000371329,0,515,1
Alexandru Suru,0.4285946999443695,0,586,1
Alexandru Suru,0.3196343000163324,1,729,1
Alexandru Suru,0.5856839999905787,1,611,1
Alexandru Suru,0.4154202999779954,0,530,1
Alexandru Suru,0.2520630999933928,1,722,1
Alexandru Suru,0.4272827000240795,1,653,1
Alexandru Suru,0.2558519000303931,0,470,1
Alexandru Suru,0.2043808000162243,1,672,1
Alexandru Suru,0.1861202999716624,0,493,1
Alexandru Suru,0.2248409999883733,1,519,1
Alexandru Suru,0.7132242000079714,1,601,1
Alexandru Suru,0.5381456000031903,0,579,1
Alexandru Suru,0.6444416000158526,1,709,1
Alexandru Suru,0.4478238000301644,1,647,1
Alexandru Suru,0.4584920000052079,1,707,1
Alexandru Suru,0.494862399995327,1,595,1
Alexandru Suru,0.3252650999929756,0,506,1
Alexandru Suru,0.3642769000143744,1,712,1
Alexandru Suru,0.3473983000149019,1,666,1
Alexandru Suru,0.3135362000321038,0,477,1
Alexandru Suru,0.4800038000103086,0,444,1
Alexandru Suru,0.509347399987746,0,568,1
Alexandru Suru,0.4145485999761149,0,450,1
Alexandru Suru,0.3815342999878339,0,463,1
Alexandru Suru,0.3650939000071957,0,603,1
Alexandru Suru,0.3103862999705598,1,642,1
Alexandru Suru,0.3718380000209436,1,592,1
Alexandru Suru,0.599377500009723,0,529,1
Alexandru Suru,0.3508814999950118,1,657,1
Alexandru Suru,0.2691405999939888,0,500,1
Alexandru Suru,0.3278733000042848,1,655,1
Alexandru Suru,0.1840299000032246,0,572,1
Alexandru Suru,0.3526331000030041,1,469,1
Alexandru Suru,1.0590570000349544,0,590,1
Alexandru Suru,0.4857028999831527,0,498,1
Alexandru Suru,0.4392501999973319,1,624,1
Alexandru Suru,0.356427300022915,1,724,1
Alexandru Suru,0.3878529000212438,0,445,1
Alexandru Suru,0.3949481000308878,1,664,2
Alexandru Suru,0.2336438999627716,1,593,2
Alexandru Suru,0.298234699992463,0,517,2
Alexandru Suru,0.3925605000113137,1,663,2
Alexandru Suru,0.3087687999941408,1,639,2
Alexandru Suru,0.2734433999867178,0,484,2
Alexandru Suru,0.2362167000537738,1,574,2
Alexandru Suru,0.4255852000205777,1,715,2
Alexandru Suru,0.294547000026796,1,620,2
Alexandru Suru,0.3120501000084914,0,505,2
Alexandru Suru,0.2896479000337422,0,515,2
Alexandru Suru,0.3506843000068329,1,680,2
Alexandru Suru,0.3483540999586694,1,662,2
Alexandru Suru,0.4277805000310763,1,564,2
Alexandru Suru,0.2474752000416629,0,436,2
Alexandru Suru,0.3882817999692634,1,687,2
Alexandru Suru,0.3140568999806419,1,626,2
Alexandru Suru,0.4180335000273771,1,609,2
Alexandru Suru,0.2961507000145502,0,449,2
Alexandru Suru,0.2353514999849721,1,553,2
Alexandru Suru,0.4509462999994866,0,492,2
Alexandru Suru,0.4816809999756515,0,544,2
Alexandru Suru,0.3881756999762729,1,702,2
Alexandru Suru,0.477573600015603,0,491,2
Alexandru Suru,0.4875584000255912,0,578,2
Alexandru Suru,0.2541707999771461,0,506,2
Alexandru Suru,0.3867159000365063,0,569,2
Alexandru Suru,0.4276706000091508,1,714,2
Alexandru Suru,0.3318495000130497,0,520,2
Alexandru Suru,0.2738867999869399,0,488,2
Alexandru Suru,0.4216727999737486,1,669,2
Alexandru Suru,0.3143358000088483,1,697,2
Alexandru Suru,0.9364231000072324,1,439,2
Alexandru Suru,0.3907217999803833,1,717,2
Alexandru Suru,0.3308138999855146,1,724,2
Alexandru Suru,0.2841389999957755,1,710,2
Alexandru Suru,0.2730212999740615,1,648,2
Alexandru Suru,0.2390707000158727,1,602,2
Alexandru Suru,0.2099103999789804,0,470,2
Alexandru Suru,0.2742881999583915,0,535,2
Alexandru Suru,0.3939114999957382,1,716,2
Alexandru Suru,0.3137458999990485,1,667,2
Alexandru Suru,0.1526630999869667,0,545,2
Alexandru Suru,0.3767677000141702,0,513,2
Alexandru Suru,0.2605424000066705,1,709,2
Alexandru Suru,0.4288447000435553,1,585,2
Alexandru Suru,0.3623774999869056,1,605,2
Alexandru Suru,0.271136800001841,1,591,2
Alexandru Suru,0.259173099999316,1,644,2
Alexandru Suru,0.2902005000505596,1,472,2
Alexandru Suru,0.5287627000361681,0,531,2
Alexandru Suru,0.4427905000047758,1,708,2
Alexandru Suru,0.2735800999798812,1,713,2
Alexandru Suru,0.3470060999970883,1,721,2
Alexandru Suru,0.3528666999773122,1,701,2
Alexandru Suru,0.2596133000333793,1,657,2
Alexandru Suru,0.3739744999911636,0,486,2
Alexandru Suru,0.4275560000096448,0,549,2
Alexandru Suru,0.3203482999815605,0,476,2
Alexandru Suru,0.6707516000024043,0,565,2
Alexandru Suru,0.2485943000065162,1,637,2
Alexandru Suru,0.3920889000291936,0,508,2
Alexandru Suru,0.4107390000135638,0,529,2
Alexandru Suru,0.2568674000212922,1,643,2
Alexandru Suru,0.3699877999606542,1,725,2
Alexandru Suru,0.3636860999977216,1,618,2
Alexandru Suru,0.3601505000260658,1,614,2
Alexandru Suru,0.3036786000011489,1,706,2
Alexandru Suru,0.2890154999913648,1,649,2
Alexandru Suru,0.3790811999933794,0,500,2
Alexandru Suru,0.3300970999989658,1,608,2
Alexandru Suru,0.3137351999757811,0,477,2
Alexandru Suru,0.452738199965097,0,462,2
Alexandru Suru,0.2905630000168457,1,572,2
Alexandru Suru,0.4431112000020221,0,485,2
Alexandru Suru,0.8195397999952547,0,640,2
Alexandru Suru,0.4493904000264592,0,562,2
Alexandru Suru,0.5185491000302136,0,527,2
Alexandru Suru,0.2909588000038638,1,650,2
Alexandru Suru,0.3839338999823667,1,698,2
Alexandru Suru,0.3478098000050522,0,434,2
Alexandru Suru,0.3975365000078454,0,507,2
Alexandru Suru,0.3819250999949872,0,521,2
Alexandru Suru,0.3039114999701269,1,720,2
Alexandru Suru,0.4907959999982267,0,478,2
Alexandru Suru,0.453141100006178,0,467,2
Alexandru Suru,0.2991151000023819,0,563,2
Alexandru Suru,0.4517437000176869,0,575,2
Alexandru Suru,0.3047206000192091,1,684,2
Alexandru Suru,0.4951997000025585,1,675,2
Alexandru Suru,0.5123335000243969,1,556,2
Alexandru Suru,0.3502724999561906,0,532,2
Alexandru Suru,0.7404599000001326,1,612,2
Alexandru Suru,0.6240008000168018,0,530,2
Alexandru Suru,0.5770980999805033,1,581,2
Alexandru Suru,0.2528953999863006,0,552,2
Alexandru Suru,0.3788159000105224,1,554,2
Alexandru Suru,0.3124833999900147,1,651,2
Alexandru Suru,0.3067669000010937,1,619,2
Alexandru Suru,0.3660449999733828,1,630,2
Alexandru Suru,0.477647399995476,1,679,2
Alexandru Suru,0.3729468999663368,0,525,2
Alexandru Suru,0.492438499990385,0,538,2
Alexandru Suru,0.6739651000243612,0,583,2
Alexandru Suru,0.3338552000350319,1,718,2
Alexandru Suru,0.7248280000058003,1,601,2
Alexandru Suru,0.3846809999668039,1,568,2
Alexandru Suru,0.4136795999947935,1,666,2
Alexandru Suru,0.3758089000475593,0,457,2
Alexandru Suru,0.3811822000425309,0,534,2
Alexandru Suru,0.4838452999829314,0,624,2
Alexandru Suru,0.3512950000003911,0,504,2
Alexandru Suru,0.3043792999815196,0,469,2
Alexandru Suru,0.5966615999932401,1,692,2
Alexandru Suru,0.3527155999909155,1,704,2
Alexandru Suru,0.3348803000408225,1,685,2
Alexandru Suru,0.4845414000446908,1,570,2
Alexandru Suru,0.3487152000307105,1,622,2
Alexandru Suru,0.3557961000478826,1,652,2
Alexandru Suru,0.3132421000045724,1,522,2
Alexandru Suru,0.4100975000183098,0,510,2
Alexandru Suru,0.6953755000140518,1,634,2
Alexandru Suru,0.6036979000200517,1,632,2
Alexandru Suru,0.4674552000360563,0,489,2
Alexandru Suru,0.5920444999937899,0,584,2
Alexandru Suru,0.3356737999711185,1,712,2
Alexandru Suru,0.5979210999794304,1,681,2
Alexandru Suru,0.6222898999694735,1,617,2
Alexandru Suru,0.3538488000049256,1,719,2
Alexandru Suru,0.352064800041262,0,498,2
Alexandru Suru,0.3373034000396728,0,559,2
Alexandru Suru,0.3191255999845452,0,516,2
Alexandru Suru,0.4948969999677501,0,490,2
Alexandru Suru,0.4096109000383876,0,456,2
Alexandru Suru,0.5877046000096016,1,625,2
Alexandru Suru,0.5193250000011176,1,730,2
Alexandru Suru,0.3518169999588281,0,458,2
Alexandru Suru,0.3373181999777443,0,501,2
Alexandru Suru,0.2925726000103168,0,480,2
Alexandru Suru,0.4980436000041663,0,595,2
Alexandru Suru,0.2684904999914579,1,647,2
Alexandru Suru,0.3236520999926142,1,547,2
Alexandru Suru,0.2736755000078119,1,576,2
Alexandru Suru,0.4053132999688387,1,548,2
Alexandru Suru,0.3749570000218227,1,447,2
Alexandru Suru,0.5716706999810413,0,459,2
Alexandru Suru,0.5392759999958798,0,542,2
Alexandru Suru,0.3496508999960497,1,686,2
Alexandru Suru,0.3085591999697499,1,699,2
Alexandru Suru,0.2446005999809131,1,589,2
Alexandru Suru,0.3260010000085458,0,495,2
Alexandru Suru,0.5364607000374235,1,728,2
Alexandru Suru,0.3294239999959245,1,673,2
Alexandru Suru,0.2824388000299223,1,596,2
Alexandru Suru,0.2869821999920532,1,610,2
Alexandru Suru,0.3019466999685392,1,499,2
Alexandru Suru,0.4552439000108279,1,694,2
Alexandru Suru,0.3598166999872774,1,659,2
Alexandru Suru,0.327193500008434,0,474,2
Alexandru Suru,0.4354447000077925,0,442,2
Alexandru Suru,0.3451401999918744,0,451,2
Alexandru Suru,0.5679448999580927,0,607,2
Alexandru Suru,0.2504512000014074,1,707,2
Alexandru Suru,0.3451062000240199,1,711,2
Alexandru Suru,0.3876482000341639,0,546,2
Alexandru Suru,0.3420918000047095,1,678,2
Alexandru Suru,0.3089768000063486,0,503,2
Alexandru Suru,0.4131182000273838,0,528,2
Alexandru Suru,0.3524412999977357,1,645,2
Alexandru Suru,0.5409513000049628,1,674,2
Alexandru Suru,0.4493501000106334,1,616,2
Alexandru Suru,0.3044158000266179,1,690,2
Alexandru Suru,0.5247409000294283,0,453,2
Alexandru Suru,0.5430490000289865,0,611,2
Alexandru Suru,0.378840199962724,1,700,2
Alexandru Suru,0.2949787999968976,1,722,2
Alexandru Suru,0.3036016999976709,1,481,2
Alexandru Suru,0.3247428000322543,1,635,2
Alexandru Suru,0.2688424999942072,0,433,2
Alexandru Suru,0.4565710999886505,1,695,2
Alexandru Suru,0.4824967000167817,1,670,2
Alexandru Suru,0.2806342999683693,0,526,2
Alexandru Suru,0.4187806000118144,0,438,2
Alexandru Suru,0.3940766000305302,1,641,2
Alexandru Suru,0.3608718999894336,1,633,2
Alexandru Suru,0.4121429999941028,1,705,2
Alexandru Suru,0.3181287000188604,1,696,2
Alexandru Suru,0.5068854000419378,1,621,2
Alexandru Suru,0.4984752000309527,0,435,2
Alexandru Suru,0.4048642999841831,0,509,2
Alexandru Suru,0.3310085000121034,0,445,2
Alexandru Suru,0.330662399996072,0,558,2
Alexandru Suru,0.3088097999570891,0,518,2
Alexandru Suru,0.3188793999725021,0,636,2
Alexandru Suru,0.3825292999972589,0,441,2
Alexandru Suru,0.4375755999935791,0,566,2
Alexandru Suru,0.8419454999966547,0,437,2
Alexandru Suru,0.4429105999879539,0,463,2
Alexandru Suru,0.6215105000301264,1,627,2
Alexandru Suru,0.3694437000085599,1,661,2
Alexandru Suru,0.4817136999918148,0,523,2
Alexandru Suru,0.4396807000157423,1,646,2
Alexandru Suru,0.2304669999866746,0,494,2
Alexandru Suru,0.4108509999932721,0,471,2
Alexandru Suru,0.3598370000254363,0,432,2
Alexandru Suru,0.5780374999740161,0,539,2
Alexandru Suru,0.3586018999922089,1,580,2
Alexandru Suru,0.398535999993328,0,496,2
Alexandru Suru,0.2533904000301845,1,555,2
Alexandru Suru,0.4972511999658309,1,592,2
Alexandru Suru,0.4642120999633334,0,473,2
Alexandru Suru,0.5131438000244088,0,537,2
Alexandru Suru,0.2600924000144005,0,533,2
Alexandru Suru,0.3670551999821327,1,683,2
Alexandru Suru,0.4893631999730132,1,540,2
Alexandru Suru,0.4668794000172056,1,536,2
Alexandru Suru,0.5604263999848627,0,482,2
Alexandru Suru,0.5006111999973655,1,631,2
Alexandru Suru,0.5693058999604546,0,487,2
Alexandru Suru,0.475973300053738,0,514,2
Alexandru Suru,0.3221050999709405,1,654,2
Alexandru Suru,0.2387745999731123,0,512,2
Alexandru Suru,0.2514851000159979,1,677,2
Alexandru Suru,0.4461832999950275,1,693,2
Alexandru Suru,0.3850359999923967,0,454,2
Alexandru Suru,0.4343355000019073,0,465,2
Alexandru Suru,0.3642874000361189,0,524,2
Alexandru Suru,0.4761259999941103,0,586,2
Alexandru Suru,0.3310233000083826,0,541,2
Alexandru Suru,0.3457008999539539,1,598,2
Alexandru Suru,0.3110248000011779,0,493,2
Alexandru Suru,0.2476778000127524,1,543,2
Alexandru Suru,0.5448192000039853,1,656,2
Alexandru Suru,0.4356555999838747,0,599,2
Alexandru Suru,0.5821787000168115,1,723,2
Alexandru Suru,0.3425104999914765,1,688,2
Alexandru Suru,0.2980970000498928,1,726,2
Alexandru Suru,0.3360705000231974,0,440,2
Alexandru Suru,0.630875599978026,1,615,2
Alexandru Suru,0.3174261000240221,0,452,2
Alexandru Suru,0.3087138999835588,0,502,2
Alexandru Suru,0.2580133000155911,0,464,2
Alexandru Suru,0.3755825000116601,0,444,2
Alexandru Suru,0.372231199988164,1,577,2
Alexandru Suru,0.431097199965734,1,689,2
Alexandru Suru,0.4629370999755338,0,468,2
Alexandru Suru,0.2486029000137932,0,430,2
Alexandru Suru,0.2302848999970592,0,431,2
Alexandru Suru,0.2608111999579705,0,455,2
Alexandru Suru,0.5088286999962293,0,600,2
Alexandru Suru,0.5232036000234075,1,665,2
Alexandru Suru,0.5734147999901325,1,594,2
Alexandru Suru,0.3999066000105813,1,638,2
Alexandru Suru,0.3337161999661475,1,671,2
Alexandru Suru,0.4235250000492669,0,443,2
Alexandru Suru,0.2970684000174515,0,727,2
Alexandru Suru,1.247730800008867,0,582,2
Alexandru Suru,0.4144276999868452,0,448,2
Alexandru Suru,0.3594157000188716,0,519,2
Alexandru Suru,0.2923972000135109,0,483,2
Alexandru Suru,0.2996632999856956,0,475,2
Alexandru Suru,0.3317915000370703,0,613,2
Alexandru Suru,0.5001552000176162,0,571,2
Alexandru Suru,0.3686686999863013,1,606,2
Alexandru Suru,0.438197500014212,1,729,2
Alexandru Suru,0.2946299000177532,1,603,2
Alexandru Suru,0.3127463000128045,1,560,2
Alexandru Suru,0.25254140002653,1,588,2
Alexandru Suru,0.2553147999569773,1,628,2
Alexandru Suru,0.2296185999875888,1,604,2
Alexandru Suru,0.2589876999845728,1,479,2
Alexandru Suru,0.5041895000031218,1,703,2
Alexandru Suru,0.4418096000445075,1,587,2
Alexandru Suru,0.3155339999939315,1,642,2
Alexandru Suru,0.4397553000017069,0,450,2
Alexandru Suru,0.4157511000521481,0,497,2
Alexandru Suru,0.6070267999893986,1,573,2
Alexandru Suru,0.6030004000058398,1,658,2
Alexandru Suru,0.531380700005684,1,660,2
Alexandru Suru,0.2968701000208966,1,653,2
Alexandru Suru,0.5063408999703825,0,567,2
Alexandru Suru,0.3530506999813951,1,629,2
Alexandru Suru,0.4069436999852769,1,557,2
Alexandru Suru,0.3570824000053108,1,672,2
Alexandru Suru,0.6974181000259705,1,551,2
Alexandru Suru,0.2771782000199891,1,550,2
Alexandru Suru,0.3301328999805264,1,668,2
Alexandru Suru,0.3048739999649115,0,511,2
Alexandru Suru,0.406620500027202,0,446,2
Alexandru Suru,0.3413987000240013,0,466,2
Alexandru Suru,0.4692641000146977,0,561,2
Alexandru Suru,0.4383245999924838,0,597,2
Alexandru Suru,0.5822052999865264,0,489,3
Alexandru Suru,0.3319353000260889,0,479,3
Alexandru Suru,0.2984175999881699,0,516,3
Alexandru Suru,0.2954361999873072,1,600,3
Alexandru Suru,0.343484700017143,1,629,3
Alexandru Suru,0.3423044999944977,1,661,3
Alexandru Suru,0.2987944000051357,1,652,3
Alexandru Suru,0.3052202999824658,1,581,3
Alexandru Suru,0.3512940999935381,1,689,3
Alexandru Suru,0.4061374000157229,1,552,3
Alexandru Suru,0.448601400014013,0,534,3
Alexandru Suru,0.4251385999959893,0,437,3
Alexandru Suru,0.4207517000031657,1,572,3
Alexandru Suru,0.3784937000018544,1,718,3
Alexandru Suru,0.3549463999806903,0,507,3
Alexandru Suru,0.4116277000284754,0,450,3
Alexandru Suru,0.2830681000486947,1,724,3
Alexandru Suru,0.3163306000060402,1,666,3
Alexandru Suru,0.3960141999996267,0,444,3
Alexandru Suru,0.4219627000275068,0,624,3
Alexandru Suru,0.7004607999697328,1,595,3
Alexandru Suru,0.3527586999698542,1,651,3
Alexandru Suru,0.3853991000214591,0,439,3
Alexandru Suru,0.3890048000030219,0,578,3
Alexandru Suru,0.2909815000020899,1,631,3
Alexandru Suru,0.3761823999811895,1,686,3
Alexandru Suru,0.550290799990762,1,563,3
Alexandru Suru,0.3880482999957166,1,709,3
Alexandru Suru,0.3380158999934792,0,465,3
Alexandru Suru,0.2405253000324592,1,726,3
Alexandru Suru,0.2197124999947846,0,442,3
Alexandru Suru,0.3180719999945722,0,488,3
Alexandru Suru,0.2992234000121243,0,523,3
Alexandru Suru,0.2975984000368044,1,708,3
Alexandru Suru,0.4365027999738231,1,567,3
Alexandru Suru,0.2155671000364236,0,542,3
Alexandru Suru,0.3159724000142887,1,712,3
Alexandru Suru,0.2899145999690518,0,456,3
Alexandru Suru,0.3516824000398628,0,514,3
Alexandru Suru,0.3280520999687724,0,515,3
Alexandru Suru,0.2602067000116221,1,555,3
Alexandru Suru,0.653346800012514,1,667,3
Alexandru Suru,0.4229525999980978,1,688,3
Alexandru Suru,0.3401607000268996,1,674,3
Alexandru Suru,0.3008476999821141,1,648,3
Alexandru Suru,0.3453072000411339,1,635,3
Alexandru Suru,0.7506597000174224,1,594,3
Alexandru Suru,0.4053845999878831,1,616,3
Alexandru Suru,0.3260155000025406,1,644,3
Alexandru Suru,0.2951365999761037,1,560,3
Alexandru Suru,0.3221172000048682,0,536,3
Alexandru Suru,0.4318191999918781,1,574,3
Alexandru Suru,0.3994308999972418,0,696,3
Alexandru Suru,0.6003161999979056,0,438,3
Alexandru Suru,0.9637990000192076,1,508,3
Alexandru Suru,0.3748457999899983,1,695,3
Alexandru Suru,0.2859756000107154,1,620,3
Alexandru Suru,0.3479428000282496,1,615,3
Alexandru Suru,0.254424899991136,1,538,3
Alexandru Suru,0.3045101999887265,1,640,3
Alexandru Suru,0.2529652999946847,0,503,3
Alexandru Suru,0.2811308000236749,1,668,3
Alexandru Suru,0.267349700035993,1,687,3
Alexandru Suru,0.3250111999805085,1,607,3
Alexandru Suru,0.2282421999843791,0,554,3
Alexandru Suru,0.219915600027889,1,711,3
Alexandru Suru,0.3785946000134572,0,490,3
Alexandru Suru,0.4774646000005305,0,612,3
Alexandru Suru,0.4152462999918498,0,622,3
Alexandru Suru,0.2964336000150069,1,697,3
Alexandru Suru,0.3173728999681771,0,473,3
Alexandru Suru,0.3842500000027939,0,544,3
Alexandru Suru,0.4987050999770872,0,611,3
Alexandru Suru,0.35485309996875,0,531,3
Alexandru Suru,0.3217016999842599,0,446,3
Alexandru Suru,0.307520399976056,0,484,3
Alexandru Suru,0.260277799970936,0,579,3
Alexandru Suru,0.3422110000392422,0,564,3
Alexandru Suru,0.3439079999807291,0,475,3
Alexandru Suru,0.3132503000088036,0,599,3
Alexandru Suru,0.3925262999837287,0,609,3
Alexandru Suru,0.3822726999642327,0,584,3
Alexandru Suru,0.4272713999962434,1,702,3
Alexandru Suru,0.3959678999963216,1,681,3
Alexandru Suru,0.3060519999708049,1,714,3
Alexandru Suru,0.3591440999880433,0,482,3
Alexandru Suru,0.3858345000189729,1,628,3
Alexandru Suru,0.3212072000023909,1,707,3
Alexandru Suru,0.4597080999519676,1,720,3
Alexandru Suru,0.279459300043527,1,692,3
Alexandru Suru,0.3452121999580413,0,452,3
Alexandru Suru,0.3472171999746933,0,459,3
Alexandru Suru,0.3321960999746807,1,728,3
Alexandru Suru,0.3284683999954723,1,662,3
Alexandru Suru,0.3061261000111699,1,716,3
Alexandru Suru,0.2776560999918729,1,518,3
Alexandru Suru,0.4552200000034645,0,505,3
Alexandru Suru,0.2054931000457145,0,466,3
Alexandru Suru,0.4069608999998308,0,547,3
Alexandru Suru,0.2295163999660872,0,430,3
Alexandru Suru,0.2606367999687791,0,474,3
Alexandru Suru,0.2961118000093847,0,630,3
Alexandru Suru,0.3398317000246607,0,587,3
Alexandru Suru,0.3732419000007212,0,550,3
Alexandru Suru,0.3924858999671414,1,669,3
Alexandru Suru,0.3385485000326298,1,664,3
Alexandru Suru,0.2338423000182956,1,680,3
Alexandru Suru,0.3181407999945804,1,656,3
Alexandru Suru,0.2961929999873973,1,673,3
Alexandru Suru,1.1457863000105135,1,679,3
Alexandru Suru,0.316167100041639,1,525,3
Alexandru Suru,0.3612246999982744,0,551,3
Alexandru Suru,0.2727691000327468,0,510,3
Alexandru Suru,0.2727974000154063,0,577,3
Alexandru Suru,0.2666149000287987,0,524,3
Alexandru Suru,0.1895029000006616,0,545,3
Alexandru Suru,0.3909783999552019,0,532,3
Alexandru Suru,0.2436710000038147,0,483,3
Alexandru Suru,0.4356918999692425,0,502,3
Alexandru Suru,0.4288249000092037,0,565,3
Alexandru Suru,0.3702006000094116,0,719,3
Alexandru Suru,0.8844050000188872,0,537,3
Alexandru Suru,0.8465301000396721,1,434,3
Alexandru Suru,0.5748759999987669,1,546,3
Alexandru Suru,0.3983853000099771,1,647,3
Alexandru Suru,0.2495061999652534,1,619,3
Alexandru Suru,0.2976584000280127,1,643,3
Alexandru Suru,0.2311167999869212,1,548,3
Alexandru Suru,0.2596897999756038,0,614,3
Alexandru Suru,0.2141288999700918,1,705,3
Alexandru Suru,0.1882711999933235,1,441,3
Alexandru Suru,0.7062794999801554,0,589,3
Alexandru Suru,0.5685371999861673,1,659,3
Alexandru Suru,0.4366059000021778,1,677,3
Alexandru Suru,0.3232879000133835,1,671,3
Alexandru Suru,0.4544082000502385,0,522,3
Alexandru Suru,0.3140487999771721,1,641,3
Alexandru Suru,0.5575194000266492,1,568,3
Alexandru Suru,0.7647591000422835,1,540,3
Alexandru Suru,0.2447168999933637,0,451,3
Alexandru Suru,0.4362534999963827,0,575,3
Alexandru Suru,0.364339200023096,0,596,3
Alexandru Suru,0.3488036000053398,0,553,3
Alexandru Suru,0.3510521000134758,1,684,3
Alexandru Suru,0.5786332999705337,0,591,3
Alexandru Suru,0.5024150999961421,0,447,3
Alexandru Suru,0.5355563000193797,0,558,3
Alexandru Suru,0.2407005000277422,0,583,3
Alexandru Suru,0.2377892999793402,0,470,3
Alexandru Suru,0.3473985999589786,0,653,3
Alexandru Suru,0.3856308999820612,0,464,3
Alexandru Suru,0.2875498000066727,1,637,3
Alexandru Suru,0.3279705999884754,1,543,3
Alexandru Suru,0.4422474000020884,1,621,3
Alexandru Suru,0.389861200004816,1,585,3
Alexandru Suru,0.3076320000109263,1,638,3
Alexandru Suru,0.3415408000000752,0,440,3
Alexandru Suru,0.2487868000171147,1,678,3
Alexandru Suru,0.2192106999573297,0,501,3
Alexandru Suru,0.3308333000168204,0,453,3
Alexandru Suru,0.2993783000274561,0,461,3
Alexandru Suru,0.3377073999727145,1,722,3
Alexandru Suru,0.4007756000501103,1,559,3
Alexandru Suru,0.2163090000394731,0,570,3
Alexandru Suru,0.2784178999718278,1,715,3
Alexandru Suru,0.410165200009942,0,480,3
Alexandru Suru,0.2586068999953568,1,603,3
Alexandru Suru,1.162901100004092,1,623,3
Alexandru Suru,0.4749074999708682,0,519,3
Alexandru Suru,0.3298483000253327,0,496,3
Alexandru Suru,0.3899114999803714,1,723,3
Alexandru Suru,0.3255194000084884,0,457,3
Alexandru Suru,0.4016704999958165,0,454,3
Alexandru Suru,0.5697123999707401,0,557,3
Alexandru Suru,0.3539431999670341,0,443,3
Alexandru Suru,0.3095799000002444,1,617,3
Alexandru Suru,0.2561409999616444,0,597,3
Alexandru Suru,0.4964995000045746,0,460,3
Alexandru Suru,0.449233399995137,1,694,3
Alexandru Suru,0.4575726999901235,0,535,3
Alexandru Suru,0.3446158000151627,1,670,3
Alexandru Suru,0.3064433999825269,0,468,3
Alexandru Suru,0.3858284999732859,1,634,3
Alexandru Suru,0.2632311999914236,0,467,3
Alexandru Suru,0.3286433999892324,1,713,3
Alexandru Suru,0.3420980999944731,1,665,3
Alexandru Suru,0.3016868000268005,1,604,3
Alexandru Suru,0.272669100027997,0,530,3
Alexandru Suru,0.3196451999829151,0,512,3
Alexandru Suru,0.2885856999782845,0,613,3
Alexandru Suru,0.3408096999628469,1,642,3
Alexandru Suru,0.2842184000182897,1,588,3
Alexandru Suru,0.3138494999730028,1,521,3
Alexandru Suru,0.1865469000185839,0,683,3
Alexandru Suru,0.8307659999700263,1,608,3
Alexandru Suru,0.4172420999966562,1,672,3
Alexandru Suru,0.358943699975498,0,433,3
Alexandru Suru,0.3483597000013105,1,676,3
Alexandru Suru,0.3458689000108279,0,533,3
Alexandru Suru,0.2040124000050127,1,655,3
Alexandru Suru,0.1972915999940596,0,487,3
Alexandru Suru,0.2822013999684714,1,691,3
Alexandru Suru,0.2219538000063039,0,549,3
Alexandru Suru,0.2154303999850526,1,639,3
Alexandru Suru,0.5069253999972716,1,598,3
Alexandru Suru,0.359279999975115,0,497,3
Alexandru Suru,0.229420400050003,1,704,3
Alexandru Suru,0.1521960000391118,0,632,3
Alexandru Suru,0.4426099000265822,1,690,3
Alexandru Suru,0.5543259999831207,0,526,3
Alexandru Suru,0.3897025000187568,0,449,3
Alexandru Suru,0.4880211000563577,0,511,3
Alexandru Suru,0.205146899970714,1,706,3
Alexandru Suru,0.1764281000359915,0,562,3
Alexandru Suru,0.1740182999637909,1,571,3
Alexandru Suru,0.2453782000229694,1,478,3
Alexandru Suru,0.7504632000345737,1,626,3
Alexandru Suru,0.320544800022617,1,590,3
Alexandru Suru,0.3452918999828398,1,605,3
Alexandru Suru,0.3220320999971591,0,436,3
Alexandru Suru,0.383989299996756,0,469,3
Alexandru Suru,0.3086971999728121,0,472,3
Alexandru Suru,0.3230515999603085,0,491,3
Alexandru Suru,0.369644199963659,1,636,3
Alexandru Suru,0.3564674999797717,1,675,3
Alexandru Suru,0.3719070000224747,0,539,3
Alexandru Suru,0.2976627000025473,1,654,3
Alexandru Suru,0.3140866999747231,1,582,3
Alexandru Suru,0.3660434000194073,1,573,3
Alexandru Suru,0.304478999983985,0,513,3
Alexandru Suru,0.3341046000132337,1,727,3
Alexandru Suru,0.3246175000094808,1,646,3
Alexandru Suru,0.3081921000266447,1,658,3
Alexandru Suru,0.3408362999907695,0,495,3
Alexandru Suru,0.3127882999833673,0,455,3
Alexandru Suru,0.4068978000432253,0,529,3
Alexandru Suru,0.2636242000153288,0,463,3
Alexandru Suru,0.2706900000339374,0,477,3
Alexandru Suru,0.2488669999875128,0,445,3
Alexandru Suru,0.2310958000016398,0,485,3
Alexandru Suru,0.3571522000129334,1,717,3
Alexandru Suru,0.2966566999675706,1,660,3
Alexandru Suru,0.2830324999522418,1,730,3
Alexandru Suru,0.2842975999810733,0,492,3
Alexandru Suru,0.3646718999953009,0,448,3
Alexandru Suru,0.3595345999929122,0,663,3
Alexandru Suru,0.3728933000238612,1,618,3
Alexandru Suru,0.2506482999888249,1,593,3
Alexandru Suru,0.3337291000061668,1,721,3
Alexandru Suru,0.3443818999803625,0,471,3
Alexandru Suru,0.6695056000025943,0,606,3
Alexandru Suru,0.6179405999719165,0,566,3
Alexandru Suru,0.2727608000277541,1,649,3
Alexandru Suru,0.2730766999884508,1,586,3
Alexandru Suru,0.2050455000135116,0,506,3
Alexandru Suru,0.3142553000361658,1,627,3
Alexandru Suru,0.3174870000220835,1,685,3
Alexandru Suru,0.3308907999889925,1,569,3
Alexandru Suru,0.3046953000011854,1,435,3
Alexandru Suru,0.3030423000454902,1,699,3
Alexandru Suru,0.4399791999603621,0,499,3
Alexandru Suru,0.3082672000164166,1,625,3
Alexandru Suru,0.316422900010366,1,729,3
Alexandru Suru,0.3160392999998294,1,645,3
Alexandru Suru,0.2806339000235311,0,476,3
Alexandru Suru,0.3536640000529587,0,509,3
Alexandru Suru,0.3525632999953814,0,528,3
Alexandru Suru,0.2502714000293053,0,561,3
Alexandru Suru,0.3461485999869182,0,541,3
Alexandru Suru,0.2826169000472873,1,633,3
Alexandru Suru,0.2962447999743745,0,481,3
Alexandru Suru,0.4484853000030853,0,520,3
Alexandru Suru,0.3117288000066764,0,458,3
Alexandru Suru,0.4334352000150829,0,517,3
Alexandru Suru,0.2858891000505537,1,693,3
Alexandru Suru,0.3453093999996781,0,462,3
Alexandru Suru,0.2459100999985821,1,602,3
Alexandru Suru,0.599365999980364,1,698,3
Alexandru Suru,0.4292000000132248,1,700,3
Alexandru Suru,0.4041809000191279,1,703,3
Alexandru Suru,0.4137475999887101,1,498,3
Alexandru Suru,0.3151116000371985,0,431,3
Alexandru Suru,0.2780573000200093,0,494,3
Alexandru Suru,0.2713245999766513,0,610,3
Alexandru Suru,0.3494662999873981,0,527,3
Alexandru Suru,0.2758011000114493,1,710,3
Alexandru Suru,0.3351082999724895,1,500,3
